unit	doc_id	source	page	signals	snippet
bio-dimensions	01	2024:biology course  first 5 lectures 4/2024:biology course  first 5 lectures 4.md	4	2	*The Plausibility of Life Resolving Darwin's Dilemma* by Marc W. Kirschner and John C. Gerhart.  *Cell Biology
bio-dimensions	01	2024:biology course  first 5 lectures 4/2024:biology course  first 5 lectures 4.md	6	3	are too complicated for that.  The same applies to  *information processing, which makes the animal cognition,
bio-dimensions	01	2024:biology course  first 5 lectures 4/2024:biology course  first 5 lectures 4.md	7	2	**Adenine, Thymine Cytosine, Guanine, a phosphate group and a sugar molecule *Deoxyribose*, 50-60 atoms in a n
bio-dimensions	01	2024:biology course  first 5 lectures 4/2024:biology course  first 5 lectures 4.md	19	3	What are the major evolutionary innovations? Evolutionary innovations—the bony skeleton of vertebrates, avian 
bio-dimensions	01	2024:biology course  first 5 lectures 4/2024:biology course  first 5 lectures 4.md	35	2	which are bare of cycles:  ![](_page_34_Diagram_17.jpeg)  Figure 26: trees  ![](_page_34_Diagram_19.jpeg)  Fig
bio-dimensions	01	2024:biology course  first 5 lectures 4/2024:biology course  first 5 lectures 4.md	37	2	# THE SIMPSONS  ![](_page_36_Diagram_7.jpeg)  ![](_page_36_Diagram_8.jpeg)  Most beautiful for a mathematician
bio-dimensions	02	Mendelian Dynamics and Sturtevant's Paradigm /Mendelian Dynamics and Sturtevant's Paradigm .md	4	2	(e) Our exposition is too short for what it stands for— one of the most intellectually innovative step ever ma
bio-dimensions	02	Mendelian Dynamics and Sturtevant's Paradigm /Mendelian Dynamics and Sturtevant's Paradigm .md	10	3	to an  $\mathbf{a}(x_l)$  amounts to equating all  $x_l$  in  $\mathbf{a}$  with  $l \in L - K$  to zero.) Sin
bio-dimensions	02	Mendelian Dynamics and Sturtevant's Paradigm /Mendelian Dynamics and Sturtevant's Paradigm .md	13	5	the corresponding allele (also probability) distributions at the loci  $l \in L$  are denoted by  $\mathbf{a}_
bio-dimensions	03	Protein Spaces/Protein Spaces.md	1	3	# Protein Spaces  Misha Gromov  September 26, 2019  This is an annotated extract from my 2019 course at CIMS c
bio-dimensions	04	large dimensions 14dec 2108/large dimensions 14dec 2108.md	5	2	| 2.4                                      | Concentration for maps to Metric Spaces of Dimension $> 1$       
bio-dimensions	04	large dimensions 14dec 2108/large dimensions 14dec 2108.md	7	2	**Exponential Tail Bound.** There is a sharper bound on this  $A_N = \frac{1}{N} \sum_i f_i$ ,  $$\text{Prob}\
bio-dimensions	04	large dimensions 14dec 2108/large dimensions 14dec 2108.md	10	2	*Exercise.* Figure out how much of the mass of the unit  $N$ -dimensional cube  $[0, 1]^N$  is concentrated ne
bio-dimensions	04	large dimensions 14dec 2108/large dimensions 14dec 2108.md	12	2	And a reliably registering of this amount of information needs *only* a few billion memory locations.  **KMM.*
bio-dimensions	04	large dimensions 14dec 2108/large dimensions 14dec 2108.md	13	3	1. Add the contents  $m_r = m(\phi_r), \phi_r \in \Phi_r = \Phi$ , of the counters  $\phi_r$  for those  $r \i
bio-dimensions	04	large dimensions 14dec 2108/large dimensions 14dec 2108.md	19	2	[ $\circ_\rho$ ] *Spherical Geodesic Balls.* Let us even rougher evaluate the spherical volumes of geodesic ba
bio-dimensions	04	large dimensions 14dec 2108/large dimensions 14dec 2108.md	22	2	*Diameter*  $$\text{diam}(X) = \sup_{x,y \in X} \text{dist}(x,y),$$  *Inradius:*  $$\text{inrad}(X) = \sup_{x
bio-dimensions	04	large dimensions 14dec 2108/large dimensions 14dec 2108.md	23	2	An equivalent way to put is by saying that the norm the scalar product on the space of linear functions  $l : 
bio-dimensions	04	large dimensions 14dec 2108/large dimensions 14dec 2108.md	26	2	These are the spaces  $BS^{NN} \subset \mathbb{R}^{N^2}$  of *bistochastic matrices* that are *convex hulls of
bio-dimensions	04	large dimensions 14dec 2108/large dimensions 14dec 2108.md	30	4	(Nothing of the above tells you, for instance, that the volume of  $\text{conv}\{x_1, \dots, x_k\}$ , where  $
bio-dimensions	04	large dimensions 14dec 2108/large dimensions 14dec 2108.md	33	2	What are measure preserving maps, preferably simple and natural ones, between simple spaces with simple measur
bio-dimensions	05	manifolds-Poincare-Oct1-10/manifolds-Poincare-Oct1-10.md	2	3	![](_page_1_Picture_13.jpeg)  | <b>10 Elliptic Wings and Parabolic Flows.</b> | <b>54</b> | |-----------------
bio-dimensions	05	manifolds-Poincare-Oct1-10/manifolds-Poincare-Oct1-10.md	6	6	For all we know the *Serre dilation constant const*<sub>S</sub>(n, N) may be bounded for n → ∞ and, say, for 1
bio-dimensions	05	manifolds-Poincare-Oct1-10/manifolds-Poincare-Oct1-10.md	13	3	- •  $C_{sing}$  is a closed subset of dimension  $\leq i - 2$ . - •  $C_{reg}$  is an open and dense subset i
bio-dimensions	05	manifolds-Poincare-Oct1-10/manifolds-Poincare-Oct1-10.md	14	2	*On Genericity.* We have not used any genericity so far except for the definition of dimension. But from now o
bio-dimensions	05	manifolds-Poincare-Oct1-10/manifolds-Poincare-Oct1-10.md	16	4	in  $f^{-1}(y_1) \subset \tilde{U}_{y_1} \subset X$  with  $\mp 1$ -points in  $f^{-1}(y_2) \subset \tilde{U}_
bio-dimensions	05	manifolds-Poincare-Oct1-10/manifolds-Poincare-Oct1-10.md	17	5	is a *not* a manifold one may adjust the definition of cycles to the local topology of the singular part of  $
bio-dimensions	05	manifolds-Poincare-Oct1-10/manifolds-Poincare-Oct1-10.md	19	2	(If  $n = \dim(B)$  is odd, then  $\sum_{i=0,1,\dots,n} \text{rank}(H_i(B; \mathbb{Q})) = 0$  by the Poincaré 
bio-dimensions	05	manifolds-Poincare-Oct1-10/manifolds-Poincare-Oct1-10.md	21	2	complementary dimension, such that the intersection index between  $C$  and  $C'$  does not vanish.  But the e
bio-dimensions	05	manifolds-Poincare-Oct1-10/manifolds-Poincare-Oct1-10.md	23	2	every moment in topology. (I suspect, geometric, even worse, some algebraic topologists think of cycles while 
bio-dimensions	05	manifolds-Poincare-Oct1-10/manifolds-Poincare-Oct1-10.md	27	3	Let  $U^\perp \rightarrow X$  be the oriented normal bundle of  $X$  with the orientation induced by those of 
bio-dimensions	05	manifolds-Poincare-Oct1-10/manifolds-Poincare-Oct1-10.md	29	3	have two closely related attractive features: their tangent bundles admit natural *flat connections* and their
bio-dimensions	05	manifolds-Poincare-Oct1-10/manifolds-Poincare-Oct1-10.md	32	4	Finally, we compute all  $L$ -classes  $L_j(T_{2k}) = (L(U^-))^{k+1}$  for  $T_{2k} = T(\mathbb{C}P^{2k})$  an
bio-dimensions	05	manifolds-Poincare-Oct1-10/manifolds-Poincare-Oct1-10.md	34	3	$q_{\pm}^{i-1}(q_{\pm}^i(X)) = 0$ , *i.e. i-manifolds represent i-cycles in this complex.*  Furthermore, it is
bio-dimensions	05	manifolds-Poincare-Oct1-10/manifolds-Poincare-Oct1-10.md	35	5	mentioned at the end of the previous section.  It seems not hard to show that *all* Pontryagin numbers can be
bio-dimensions	05	manifolds-Poincare-Oct1-10/manifolds-Poincare-Oct1-10.md	36	7	Suppose  $X$  is bordant to zero and consider all compact Riemannian  $(n+1)$ -manifolds  $Y$  extending  $X =
bio-dimensions	05	manifolds-Poincare-Oct1-10/manifolds-Poincare-Oct1-10.md	37	2	Pontryagin number  $p_1$  (i.e. the value of the Pontryagin class  $p_1 \in H^4(S^4)$  on  $[S^4] \in H_4(S^4)
bio-dimensions	05	manifolds-Poincare-Oct1-10/manifolds-Poincare-Oct1-10.md	38	2	smooth structures compatible with these triangulations since their combinatorial Pontryagin numbers (defined b
bio-dimensions	05	manifolds-Poincare-Oct1-10/manifolds-Poincare-Oct1-10.md	39	4	group of spheres, denoted  $J_n \subset \pi_n^{st} = \pi_{n+N}(S^N)$ ,  $N \gg n$  (and called the *image of t
bio-dimensions	05	manifolds-Poincare-Oct1-10/manifolds-Poincare-Oct1-10.md	40	3	But from a differential topologist's point of view the most interesting is the space of *smooth embeddings*  $
bio-dimensions	05	manifolds-Poincare-Oct1-10/manifolds-Poincare-Oct1-10.md	43	2	Let  $f_t : X \rightarrow Y$ ,  $t \in [0, 1]$ , be a smooth generic homotopy which disengages  $X'$  from  $X
bio-dimensions	05	manifolds-Poincare-Oct1-10/manifolds-Poincare-Oct1-10.md	44	4	**Haefliger Lemma** (Whitney for  $k + k' = n$ ). Let the dimensions  $n - k' = \dim(X')$  and  $n - k'' = \di
bio-dimensions	05	manifolds-Poincare-Oct1-10/manifolds-Poincare-Oct1-10.md	45	7	sion constrain by an inductive application of the Whitney-Haefliger disengaging procedure, since obstructions/
bio-dimensions	05	manifolds-Poincare-Oct1-10/manifolds-Poincare-Oct1-10.md	50	2	## 9 Manifolds under Surgery.  The Atiyah-Thom construction and Serre's theory allows one to produce "arbitrar
bio-dimensions	05	manifolds-Poincare-Oct1-10/manifolds-Poincare-Oct1-10.md	51	4	pullback”  $X$  of  $X_0 \subset V_0$  (see section 3) does the job as it was done in section 5 for Thom’s bor
bio-dimensions	05	manifolds-Poincare-Oct1-10/manifolds-Poincare-Oct1-10.md	52	3	equivalence – the homology homomorphism induced by  $f$   $$f_{*i} : H_i(X_1) \rightarrow H_i(X_0),$$  is, as
bio-dimensions	05	manifolds-Poincare-Oct1-10/manifolds-Poincare-Oct1-10.md	53	3	Since the spheres  $S^k \subset X$  with  $[S^k] \in \ker_k$  have trivial *stable* normal bundles  $U^\perp$ 
bio-dimensions	05	manifolds-Poincare-Oct1-10/manifolds-Poincare-Oct1-10.md	54	3	But this does not tells you much about "topologically interesting"  $\Gamma$ , e.g. fundamental groups of  $n$
bio-dimensions	05	manifolds-Poincare-Oct1-10/manifolds-Poincare-Oct1-10.md	55	2	a homology class in Atiyah's  $K$ -theory – the index of  $D_{sig}$ , twisted with vector bundles over  $X$  w
bio-dimensions	05	manifolds-Poincare-Oct1-10/manifolds-Poincare-Oct1-10.md	56	6	arbitrary closed manifold  $Y$  with *contractible* universal covering. (This would imply, in particular, that
bio-dimensions	05	manifolds-Poincare-Oct1-10/manifolds-Poincare-Oct1-10.md	57	6	every leaf in  $X$  has measure zero.  What is the counterpart to the Browder-Novikov theory for measurable fo
bio-dimensions	05	manifolds-Poincare-Oct1-10/manifolds-Poincare-Oct1-10.md	60	4	Conversely, let  $M \rightarrow N$  be a map of non-zero degree. When is the corresponding map  $f^\Gamma : M^
bio-dimensions	05	manifolds-Poincare-Oct1-10/manifolds-Poincare-Oct1-10.md	63	3	# 13 Bibliography.  ## References  - [1] P. Akhmet'ev, Geometric approach to stable homotopy groups of spheres
bio-dimensions	05	manifolds-Poincare-Oct1-10/manifolds-Poincare-Oct1-10.md	65	2	- [33] A. Haefliger, Plongements differentiables de variétés dans variétés, Comment. Math. Helv. 36, 47-82, (1
bio-dimensions	05	manifolds-Poincare-Oct1-10/manifolds-Poincare-Oct1-10.md	67	2	- [67] V. Rokhlin, A. Schwarz, The combinatorial invariance of Pontryagin classes, Dokl. Akad Nauk SSSR, 114, 
bio-dimensions	06	proteins-crystals-isoperimetry/proteins-crystals-isoperimetry.md	4	2	![]()  The diffraction of X-rays delivers *only the amplitude* of the Fourier transform of the electron densit
bio-dimensions	06	proteins-crystals-isoperimetry/proteins-crystals-isoperimetry.md	5	5	(Dmitri Ivanovski in 1892 provided evidence for a non-bacterial agent affecting tobacco plants which remained 
bio-dimensions	06	proteins-crystals-isoperimetry/proteins-crystals-isoperimetry.md	10	3	unclear.  Is there a meaningful picture for extremal arrangements of "rods" along  $S$ , where the "essential
bio-dimensions	06	proteins-crystals-isoperimetry/proteins-crystals-isoperimetry.md	11	2	is quite high ( $100^{\circ}\text{C} \approx 373\text{K}$ ) compared to other substances of comparable and eve
bio-dimensions	06	proteins-crystals-isoperimetry/proteins-crystals-isoperimetry.md	12	3	spatially arranged in a particular *globin* (supersecondary) pattern, which incorporates a *heme group* that i
bio-dimensions	06	proteins-crystals-isoperimetry/proteins-crystals-isoperimetry.md	16	3	![]()  ![]()  A molecule of water is removed from two glycine amino acids to form a peptide bond.  ![]()  (or
bio-dimensions	06	proteins-crystals-isoperimetry/proteins-crystals-isoperimetry.md	17	3	residues held together by weak forces further stabilized by three covalent S-S bonds between Sulfur atoms in t
bio-dimensions	06	proteins-crystals-isoperimetry/proteins-crystals-isoperimetry.md	19	4	![]()  A typical helix contains about ten amino acids (about three turns) but some may have over forty residue
bio-dimensions	06	proteins-crystals-isoperimetry/proteins-crystals-isoperimetry.md	20	2	![]()  One still lacks a comprehensive formal language for describing such structures as was emphatically poin
bio-dimensions	06	proteins-crystals-isoperimetry/proteins-crystals-isoperimetry.md	29	2	- [14] Larry Guth, Minimax problems related to cup powers and Steenrod squares, GAFA 2009, to appear. - [15] W 
cognition-a	01	mathematic of mental processes./ergo-new-21-apr-2015 copy/mathematic of mental processes./ergo-new-21-apr-2015 copy.md	5	4	Of course, nontrivial structures can be found by a learning system, (be it universal or specialized) only in "
cognition-a	01	mathematic of mental processes./ergo-new-21-apr-2015 copy/mathematic of mental processes./ergo-new-21-apr-2015 copy.md	7	5	bug's "freedom".  Thus, an ergo-brain comes to "understand" the world by "trying to maximize" its "predictive
cognition-a	01	mathematic of mental processes./ergo-new-21-apr-2015 copy/mathematic of mental processes./ergo-new-21-apr-2015 copy.md	8	5	Egomind is "real", large and *structurally shallow*. Most (all) of what we know of egomind is expressible in *
cognition-a	01	mathematic of mental processes./ergo-new-21-apr-2015 copy/mathematic of mental processes./ergo-new-21-apr-2015 copy.md	9	4	a bound is likely to apply to all signal processing by the ergobrain.  For instance, this  $N_o$  for (the rul
cognition-a	01	mathematic of mental processes./ergo-new-21-apr-2015 copy/mathematic of mental processes./ergo-new-21-apr-2015 copy.md	14	3	![](_page_13_Picture_12.jpeg)  Majority of stars do not turn to supernovae. For instance the life expectancy o
cognition-a	01	mathematic of mental processes./ergo-new-21-apr-2015 copy/mathematic of mental processes./ergo-new-21-apr-2015 copy.md	15	5	*Mathematics* is the tool and the language for a study of ergo-structures where the latter are "just" particul
cognition-a	01	mathematic of mental processes./ergo-new-21-apr-2015 copy/mathematic of mental processes./ergo-new-21-apr-2015 copy.md	18	4	*Ego and Ergo in Play.* The drive *to win* originates in ego, but "winning/loosing" is, structurally speaking,
cognition-a	01	mathematic of mental processes./ergo-new-21-apr-2015 copy/mathematic of mental processes./ergo-new-21-apr-2015 copy.md	19	2	And an avalanche of superlatives that music lovers pour on you when they speak of music<sup>26</sup> tells you
cognition-a	01	mathematic of mental processes./ergo-new-21-apr-2015 copy/mathematic of mental processes./ergo-new-21-apr-2015 copy.md	22	5	hard to accept, such as the second law of Newton that presents a manifestly mathematical (ergo)way of thinking
cognition-a	01	mathematic of mental processes./ergo-new-21-apr-2015 copy/mathematic of mental processes./ergo-new-21-apr-2015 copy.md	25	6	![](_page_24_Picture_11.jpeg)  A child language acquisition works fine *without* supervision. In fact, a press
cognition-a	01	mathematic of mental processes./ergo-new-21-apr-2015 copy/mathematic of mental processes./ergo-new-21-apr-2015 copy.md	31	3	imaginable means; the pertinacious resistance of our ego-minds, both of the reader and of the writer of these 
cognition-a	01	mathematic of mental processes./ergo-new-21-apr-2015 copy/mathematic of mental processes./ergo-new-21-apr-2015 copy.md	32	3	This structure may appear as intricate and as difficult to understand as emergence and evolution of *live stru
cognition-a	01	mathematic of mental processes./ergo-new-21-apr-2015 copy/mathematic of mental processes./ergo-new-21-apr-2015 copy.md	33	3	other chimpanzee and in order to get the plate with more gumdrops for itself. Instead, the chimpanzee insisted
cognition-a	01	mathematic of mental processes./ergo-new-21-apr-2015 copy/mathematic of mental processes./ergo-new-21-apr-2015 copy.md	34	9	And when the subject crosses the wall and enters the internal ergoworld, he/she becomes unable to (ego)communi
cognition-a	01	mathematic of mental processes./ergo-new-21-apr-2015 copy/mathematic of mental processes./ergo-new-21-apr-2015 copy.md	36	5	## 2 Mathematics and its Limits.  ### 2.1 What Kind of Mathematics?  The signals entering the ergobrain via vi
cognition-a	01	mathematic of mental processes./ergo-new-21-apr-2015 copy/mathematic of mental processes./ergo-new-21-apr-2015 copy.md	40	5	![](_page_39_Diagram_18.jpeg)  (Unbelievably, as recently as at the beginning of the 20th century, Florian Caj
cognition-a	01	mathematic of mental processes./ergo-new-21-apr-2015 copy/mathematic of mental processes./ergo-new-21-apr-2015 copy.md	46	5	something new and unusual in a familiar surrounding, e.g. a particular smell, which, probably, can be quantifi
cognition-a	01	mathematic of mental processes./ergo-new-21-apr-2015 copy/mathematic of mental processes./ergo-new-21-apr-2015 copy.md	48	4	![](_page_47_Picture_13.jpeg)  ![](_page_47_Picture_14.jpeg)  A plausible (ergo)brain's strategy for *learning
cognition-a	01	mathematic of mental processes./ergo-new-21-apr-2015 copy/mathematic of mental processes./ergo-new-21-apr-2015 copy.md	49	4	![](_page_48_Picture_22.jpeg)  But a little structure helps:  ![](_page_48_Diagram_24.jpeg)  if perceived, the
cognition-a	01	mathematic of mental processes./ergo-new-21-apr-2015 copy/mathematic of mental processes./ergo-new-21-apr-2015 copy.md	53	4	Emanation of the "miraculous decision power of random" intoxicates a gambler's ergo.<sup>80</sup>  The first(?
cognition-a	01	mathematic of mental processes./ergo-new-21-apr-2015 copy/mathematic of mental processes./ergo-new-21-apr-2015 copy.md	54	4	![](_page_53_Picture_20.jpeg)  Formulation of basic probabilistic concepts is usually attributed to Pascal and
cognition-a	01	mathematic of mental processes./ergo-new-21-apr-2015 copy/mathematic of mental processes./ergo-new-21-apr-2015 copy.md	58	5	their structures.  1. *Spoken language* depends on the auditory and sensory-motor systems; ears to listen and
cognition-a	01	mathematic of mental processes./ergo-new-21-apr-2015 copy/mathematic of mental processes./ergo-new-21-apr-2015 copy.md	64	4	![](_page_63_Picture_20.jpeg)  ![](_page_63_Picture_21.jpeg)  2. SIMILARITY, EQUIVALENCE, EQUALITY, SAMENESS.
cognition-a	01	mathematic of mental processes./ergo-new-21-apr-2015 copy/mathematic of mental processes./ergo-new-21-apr-2015 copy.md	65	8	the composition  $f \circ g$  of two "strong similarities"  $f$  and  $g$  is itself a "weak similarity".  Als
cognition-a	01	mathematic of mental processes./ergo-new-21-apr-2015 copy/mathematic of mental processes./ergo-new-21-apr-2015 copy.md	66	5	as *composition*  $$r_{13} = r_{12} \circ r_{23},$$  then reductions between texts can be regarded as *morphis
cognition-a	01	mathematic of mental processes./ergo-new-21-apr-2015 copy/mathematic of mental processes./ergo-new-21-apr-2015 copy.md	67	3	The only aspect of this reconstruction we shall discuss is what can be expressed as an *annotation* to  $F$ . 
cognition-a	01	mathematic of mental processes./ergo-new-21-apr-2015 copy/mathematic of mental processes./ergo-new-21-apr-2015 copy.md	69	6	![](_page_68_Picture_16.jpeg)  one has not even a whiff of knowledge of the semantic and the function of this
cognition-a	01	mathematic of mental processes./ergo-new-21-apr-2015 copy/mathematic of mental processes./ergo-new-21-apr-2015 copy.md	70	4	Scents, unlike images and sounds that can be written and rewritten on a variety of backgrounds, are supported 
cognition-a	01	mathematic of mental processes./ergo-new-21-apr-2015 copy/mathematic of mental processes./ergo-new-21-apr-2015 copy.md	71	3	Matching records constitute a *subcategory* of  $\mathcal{PT}$ , denoted  $\mathcal{MR}$ . This  $\mathcal{MR}
cognition-a	01	mathematic of mental processes./ergo-new-21-apr-2015 copy/mathematic of mental processes./ergo-new-21-apr-2015 copy.md	72	2	![](_page_71_Picture_18.jpeg)  *Ergo-irrelevant(?) Definitions of Geometric Transformations.* If  $d > 1$ , th
cognition-a	01	mathematic of mental processes./ergo-new-21-apr-2015 copy/mathematic of mental processes./ergo-new-21-apr-2015 copy.md	73	5	sent by motor neurons to your skeletal muscles in these positions, but each of us has such a library in the br
cognition-a	01	mathematic of mental processes./ergo-new-21-apr-2015 copy/mathematic of mental processes./ergo-new-21-apr-2015 copy.md	74	4	banana attached to the ceiling. Also there is a string hanging from banana with a loop at the hight 2m.  What
cognition-a	01	mathematic of mental processes./ergo-new-21-apr-2015 copy/mathematic of mental processes./ergo-new-21-apr-2015 copy.md	75	3	![](_page_74_Picture_11.jpeg)  *change* of colors as you go from one location to the other, rather than the co
cognition-a	01	mathematic of mental processes./ergo-new-21-apr-2015 copy/mathematic of mental processes./ergo-new-21-apr-2015 copy.md	76	2	unlike the bug, can make fast large moves.) But then it becomes bored at this repetitiveness of signals, until
cognition-a	01	mathematic of mental processes./ergo-new-21-apr-2015 copy/mathematic of mental processes./ergo-new-21-apr-2015 copy.md	78	5	![](_page_77_Figure_8.jpeg)  Wikipedia, also see [?])  Thus various degrees of “interest/amusement” and “ surp
cognition-a	01	mathematic of mental processes./ergo-new-21-apr-2015 copy/mathematic of mental processes./ergo-new-21-apr-2015 copy.md	79	9	only rely on introspection.  Many of us have experienced an uncomfortable feeling when a lecturer shows slides
cognition-a	01	mathematic of mental processes./ergo-new-21-apr-2015 copy/mathematic of mental processes./ergo-new-21-apr-2015 copy.md	80	6	from metabolic and regulatory networks in living cells up to, possibly, ecological networks.  Learning from th
cognition-a	01	mathematic of mental processes./ergo-new-21-apr-2015 copy/mathematic of mental processes./ergo-new-21-apr-2015 copy.md	84	3	An essential feature, one may say the *signature* of a  $U$ , is its space/time characteristics:  $U$  is much
cognition-a	01	mathematic of mental processes./ergo-new-21-apr-2015 copy/mathematic of mental processes./ergo-new-21-apr-2015 copy.md	86	5	Operating with tiny sets, e.g. composed of four uterings – alarm calls of vervet monkeys and with corresponden
cognition-a	01	mathematic of mental processes./ergo-new-21-apr-2015 copy/mathematic of mental processes./ergo-new-21-apr-2015 copy.md	88	8	(There are many different answers to the questions "What is meaning?", "What is understanding?" offered by lin
cognition-a	01	mathematic of mental processes./ergo-new-21-apr-2015 copy/mathematic of mental processes./ergo-new-21-apr-2015 copy.md	90	5	(static) records of games and how much a benevolent and dynamic chess teacher would help. You soon realize tha
cognition-a	01	mathematic of mental processes./ergo-new-21-apr-2015 copy/mathematic of mental processes./ergo-new-21-apr-2015 copy.md	96	6	where, a priori, *PRO* can be applied to "understandings" *U* that were not necessarily built by this *PRO*.  
cognition-a	01	mathematic of mental processes./ergo-new-21-apr-2015 copy/mathematic of mental processes./ergo-new-21-apr-2015 copy.md	97	5	## 6.2 From Libraries to Dictionaries.  The essential role of a dictionary  $D$  of a language  $\mathcal{L}$
cognition-a	01	mathematic of mental processes./ergo-new-21-apr-2015 copy/mathematic of mental processes./ergo-new-21-apr-2015 copy.md	98	3	some people, such as Albert Sidney Hornby<sup>164</sup> and Gilbert Taggart.<sup>165</sup>  But unlike to how
cognition-a	01	mathematic of mental processes./ergo-new-21-apr-2015 copy/mathematic of mental processes./ergo-new-21-apr-2015 copy.md	99	4	For instance, if a sentence starts with "*There are more ... in ...*" one may rightly expect "*than in*" comin
cognition-a	01	mathematic of mental processes./ergo-new-21-apr-2015 copy/mathematic of mental processes./ergo-new-21-apr-2015 copy.md	100	3	up to 50-100 letter-signs) as well as attaching *tags* or *names* to some of these fragments.  Tagging may be
cognition-a	01	mathematic of mental processes./ergo-new-21-apr-2015 copy/mathematic of mental processes./ergo-new-21-apr-2015 copy.md	101	2	$n^{10}$  for  $n$  being the number of symbol-words in a language.<sup>173</sup> As for  $L$  one might thing
cognition-a	01	mathematic of mental processes./ergo-new-21-apr-2015 copy/mathematic of mental processes./ergo-new-21-apr-2015 copy.md	102	4	### CATEGORIES $\mathcal{C}^{\rightarrow\downarrow}$ AND DIAGRAMS $\mathcal{D}^{\rightarrow\downarrow}$ OF ANN
cognition-a	01	mathematic of mental processes./ergo-new-21-apr-2015 copy/mathematic of mental processes./ergo-new-21-apr-2015 copy.md	103	3	## 7.4 Fragmentation, Segmentation and Formation of Units.  Certain fragments of incoming signals<sup>177</sup
cognition-a	01	mathematic of mental processes./ergo-new-21-apr-2015 copy/mathematic of mental processes./ergo-new-21-apr-2015 copy.md	105	4	where  $N_L(s)$  and  $N_L(st)$  denote the numbers of occurrences of the strings  $s$  and of  $st$  respecti
cognition-a	01	mathematic of mental processes./ergo-new-21-apr-2015 copy/mathematic of mental processes./ergo-new-21-apr-2015 copy.md	106	3	{yes, no, maybe}, {we, us, our}, {big, large, huge}, {smelly, tasty, crunchy}. are kind of "outlines" of such 
cognition-a	01	mathematic of mental processes./ergo-new-21-apr-2015 copy/mathematic of mental processes./ergo-new-21-apr-2015 copy.md	109	5	And  $Part_2$ -classes are obtained by further subdividing words into "parts of speech".  **2: Classifications
cognition-a	01	mathematic of mental processes./ergo-new-21-apr-2015 copy/mathematic of mental processes./ergo-new-21-apr-2015 copy.md	113	6	![](_page_112_Picture_25.jpeg)  This does not preclude, however, an approach with a quite different, possibly
cognition-a	01	mathematic of mental processes./ergo-new-21-apr-2015 copy/mathematic of mental processes./ergo-new-21-apr-2015 copy.md	114	6	![](_page_113_Picture_14.jpeg)  Unlike logicians, students of the egomind search for the meaning of chess in a
cognition-a	01	mathematic of mental processes./ergo-new-21-apr-2015 copy/mathematic of mental processes./ergo-new-21-apr-2015 copy.md	115	4	puters that are programmed, among other things, to guess and to imitate each other's mental computations.  "Co
cognition-a	01	mathematic of mental processes./ergo-new-21-apr-2015 copy/mathematic of mental processes./ergo-new-21-apr-2015 copy.md	116	3	where "complicated" computable functions are successively built from "simple modules" by composing these "modu
cognition-a	01	mathematic of mental processes./ergo-new-21-apr-2015 copy/mathematic of mental processes./ergo-new-21-apr-2015 copy.md	118	3	![](_page_117_Picture_16.jpeg)  proof of DPRM to the solvability problem for an equation  $P_{new}(x_1, \dots,
cognition-a	01	mathematic of mental processes./ergo-new-21-apr-2015 copy/mathematic of mental processes./ergo-new-21-apr-2015 copy.md	120	2	![](_page_119_Picture_20.jpeg)  $y \boxplus 0 = 0 \boxplus y$  for all  $y \in Y$ , $y \boxtimes 0 = 0 \bo
cognition-a	01	mathematic of mental processes./ergo-new-21-apr-2015 copy/mathematic of mental processes./ergo-new-21-apr-2015 copy.md	121	3	but depicting computation by *one dimensional strings* is an artifact of the way we speak and write<sup>219</s
cognition-a	01	mathematic of mental processes./ergo-new-21-apr-2015 copy/mathematic of mental processes./ergo-new-21-apr-2015 copy.md	123	4	---  three. (This, apparently, was one of Leibniz' motivations for introducing these  $\wedge$  and  $\vee$ .)
cognition-a	01	mathematic of mental processes./ergo-new-21-apr-2015 copy/mathematic of mental processes./ergo-new-21-apr-2015 copy.md	128	3	"game" if there is no restriction on the number of states  $x$  of cells, but... it is hard (impossible?) to f
cognition-a	01	mathematic of mental processes./ergo-new-21-apr-2015 copy/mathematic of mental processes./ergo-new-21-apr-2015 copy.md	130	4	(This localization is exactly what turns a general cellular automaton into a "bug".)  #### EVENTUALIZATION.  T
cognition-a	02	mathematic of mental processes./ergobrain-web-june2013 copy/mathematic of mental processes./ergobrain-web-june2013 copy.md	1	2	# Structures, Learning and Ergosystems: Chapters 1-4, 6.  Misha Gromov  December 30, 2011  ## Contents  | <b>1
cognition-a	02	mathematic of mental processes./ergobrain-web-june2013 copy/mathematic of mental processes./ergobrain-web-june2013 copy.md	2	3	| 3.9      | Dimensions of Motion. . . . .                                     | 98         | |----------|----
cognition-a	02	mathematic of mental processes./ergobrain-web-june2013 copy/mathematic of mental processes./ergobrain-web-june2013 copy.md	3	4	![](_page_2_Picture_9.jpeg)  not the faintest elements of the visual - having, for instance, nothing of "dista
cognition-a	02	mathematic of mental processes./ergobrain-web-june2013 copy/mathematic of mental processes./ergobrain-web-june2013 copy.md	5	4	![](_page_4_Diagram_9.jpeg)  except for a metaphorical usage of the words.  *Goal Free Learning.* The ergobrai
cognition-a	02	mathematic of mental processes./ergobrain-web-june2013 copy/mathematic of mental processes./ergobrain-web-june2013 copy.md	12	4	but their number is dwarfed by the the ratio of the number of nonfunctional programs of animal behavior to the
cognition-a	02	mathematic of mental processes./ergobrain-web-june2013 copy/mathematic of mental processes./ergobrain-web-june2013 copy.md	14	2	![](_page_13_Picture_12.jpeg)  characteristics to ensure survival, thus transforming into new species. Animals
cognition-a	02	mathematic of mental processes./ergobrain-web-june2013 copy/mathematic of mental processes./ergobrain-web-june2013 copy.md	15	6	while the the slowest insect wingbeat – of Swallowtail butterfly – is  $\approx 5$  beats/sec. (Our understand
cognition-a	02	mathematic of mental processes./ergobrain-web-june2013 copy/mathematic of mental processes./ergobrain-web-june2013 copy.md	17	2	![](_page_16_Figure_8.jpeg)  separated from other local minima). If  $M_1 \models M_2$  is a pair of so bound
cognition-a	02	mathematic of mental processes./ergobrain-web-june2013 copy/mathematic of mental processes./ergobrain-web-june2013 copy.md	18	3	![](_page_17_Picture_10.jpeg)  guanine (G), cytosine (C) and thymine (T) of  $15 \pm 1$  atoms each.)  Another
cognition-a	02	mathematic of mental processes./ergobrain-web-june2013 copy/mathematic of mental processes./ergobrain-web-june2013 copy.md	19	6	Alternatively, one can think in terms of the full configuration space  $\mathcal{M}$  of molecules  $M$ , wher
cognition-a	02	mathematic of mental processes./ergobrain-web-june2013 copy/mathematic of mental processes./ergobrain-web-june2013 copy.md	21	2	are considered fundamental objects in the modern group theory. (See [68] for an overview of symmetries in natu
cognition-a	02	mathematic of mental processes./ergobrain-web-june2013 copy/mathematic of mental processes./ergobrain-web-june2013 copy.md	23	2	![](_page_22_Picture_12.jpeg)  Now listen to Howard Walter Florey, whose titanic efforts to extract, purify, t
cognition-a	02	mathematic of mental processes./ergobrain-web-june2013 copy/mathematic of mental processes./ergobrain-web-june2013 copy.md	25	4	system receives, even if you know a bit more of Fourier transform and of the anatomy of the inner ear than Kan
cognition-a	02	mathematic of mental processes./ergobrain-web-june2013 copy/mathematic of mental processes./ergobrain-web-june2013 copy.md	27	6	by W. Labov and by S. Phillips, see p. 299 in [64]. (The unhappy supposition is that this applies to learning 
cognition-a	02	mathematic of mental processes./ergobrain-web-june2013 copy/mathematic of mental processes./ergobrain-web-june2013 copy.md	30	2	![](_page_29_Picture_9.jpeg)  <http://www.deafblind.com/myhands.html>  ## 1.6 Interesting, Amusing, Amazing, F
cognition-a	02	mathematic of mental processes./ergobrain-web-june2013 copy/mathematic of mental processes./ergobrain-web-june2013 copy.md	31	2	and beauty in symmetric patterns are generated by similar ergo-recognitions mechanisms.  and beauty in symmetr
cognition-a	02	mathematic of mental processes./ergobrain-web-june2013 copy/mathematic of mental processes./ergobrain-web-june2013 copy.md	32	2	But not every mathematician can penetrate the depth of the following *Ramanujan mysterious formula for  $\pi =
cognition-a	02	mathematic of mental processes./ergobrain-web-june2013 copy/mathematic of mental processes./ergobrain-web-june2013 copy.md	33	2	![](_page_32_Picture_17.jpeg)  programmed. This may allow rare fluctuations of some average “connectedness num
cognition-a	02	mathematic of mental processes./ergobrain-web-june2013 copy/mathematic of mental processes./ergobrain-web-june2013 copy.md	34	5	human breeders, allowed *random* mating of their livestock.  This infuriated "classical Darwinists". Those in
cognition-a	02	mathematic of mental processes./ergobrain-web-june2013 copy/mathematic of mental processes./ergobrain-web-june2013 copy.md	35	3	The *ego-processes* which create the egoworld and performed, controlled and recorded by the egomind, center ar
cognition-a	02	mathematic of mental processes./ergobrain-web-june2013 copy/mathematic of mental processes./ergobrain-web-june2013 copy.md	36	7	the wall” – the trace of this breaking process.  And when the subject crosses the wall and enters the internal
cognition-a	02	mathematic of mental processes./ergobrain-web-june2013 copy/mathematic of mental processes./ergobrain-web-june2013 copy.md	38	4	## A random sequence, e.g.  is also boring, although a trifle less so than the constant one: you can not learn
cognition-a	02	mathematic of mental processes./ergobrain-web-june2013 copy/mathematic of mental processes./ergobrain-web-june2013 copy.md	40	10	auditory system records these "PA PA BA BA" with an *amazing* correlation between the sounds and the somatosen
cognition-a	02	mathematic of mental processes./ergobrain-web-june2013 copy/mathematic of mental processes./ergobrain-web-june2013 copy.md	41	4	The input of the visual system amounts, roughly, to the set of samples of a distribution of something like a p
cognition-a	02	mathematic of mental processes./ergobrain-web-june2013 copy/mathematic of mental processes./ergobrain-web-june2013 copy.md	43	6	mation content” of these signals and with *correlations* and/or *redundancies* in flows of the signals.  3. Th
cognition-a	02	mathematic of mental processes./ergobrain-web-june2013 copy/mathematic of mental processes./ergobrain-web-june2013 copy.md	44	5	![](_page_43_Picture_10.jpeg)  The reader may be surprised by our non-mentioning of “axioms for logical deduct
cognition-a	02	mathematic of mental processes./ergobrain-web-june2013 copy/mathematic of mental processes./ergobrain-web-june2013 copy.md	46	2	![](_page_45_Picture_8.jpeg)  ![](_page_45_Figure_9.jpeg)  These correspond to shifting the origin from one po
cognition-a	02	mathematic of mental processes./ergobrain-web-june2013 copy/mathematic of mental processes./ergobrain-web-june2013 copy.md	47	9	These transformations apply to the half plane represented by the  $(t, u)$ -coordinates, where  $(a, b)$  appl
cognition-a	02	mathematic of mental processes./ergobrain-web-june2013 copy/mathematic of mental processes./ergobrain-web-june2013 copy.md	51	2	![](_page_50_Picture_8.jpeg)  equations, such as  $x^2 - 2x + 3 = 0$  for instance, are intrinsically symmetri
cognition-a	02	mathematic of mental processes./ergobrain-web-june2013 copy/mathematic of mental processes./ergobrain-web-june2013 copy.md	52	2	![](_page_51_Picture_12.jpeg)  The *Galois theory* classifies "algebraic moves" of two or more "abstract repre
cognition-a	02	mathematic of mental processes./ergobrain-web-june2013 copy/mathematic of mental processes./ergobrain-web-june2013 copy.md	53	9	there is no apparent symmetry in sentences of a language. However, there are various classes of transformation
cognition-a	02	mathematic of mental processes./ergobrain-web-june2013 copy/mathematic of mental processes./ergobrain-web-june2013 copy.md	54	2	as a group of certain permutations of these numbers, where, observe the total number of the permutations equal
cognition-a	02	mathematic of mental processes./ergobrain-web-june2013 copy/mathematic of mental processes./ergobrain-web-june2013 copy.md	55	2	change under permutations of the variables. One can say that non-symmetric relations between roots break their
cognition-a	02	mathematic of mental processes./ergobrain-web-june2013 copy/mathematic of mental processes./ergobrain-web-june2013 copy.md	59	5	- – How could you guess? – asked the man in surprise. - – First give me back my dog, and then I’ll explain it
cognition-a	02	mathematic of mental processes./ergobrain-web-june2013 copy/mathematic of mental processes./ergobrain-web-june2013 copy.md	60	2	![](_page_59_Diagram_16.jpeg)  flow of speech, or distinct "objects" in a visual field. Next, one has to decid
cognition-a	02	mathematic of mental processes./ergobrain-web-june2013 copy/mathematic of mental processes./ergobrain-web-june2013 copy.md	61	2	It was accepted that the dimensions 2 and 3 were special but it was believed that the high dimensional (surger
cognition-a	02	mathematic of mental processes./ergobrain-web-june2013 copy/mathematic of mental processes./ergobrain-web-june2013 copy.md	62	3	tween "corresponding patterns". This is another kind of a structured equality,  $Im_1 =_{eye} Im_2$ .  *Deja V
cognition-a	02	mathematic of mental processes./ergobrain-web-june2013 copy/mathematic of mental processes./ergobrain-web-june2013 copy.md	63	3	Alternatively, given a set  $S$ , e.g. the "set of signals", such as words in a dictionary or retinal images, 
cognition-a	02	mathematic of mental processes./ergobrain-web-june2013 copy/mathematic of mental processes./ergobrain-web-june2013 copy.md	64	7	![](_page_63_Diagram_14.jpeg)  arrive at the coarsest possible partition of  $S$  with a single "part" which e
cognition-a	02	mathematic of mental processes./ergobrain-web-june2013 copy/mathematic of mental processes./ergobrain-web-june2013 copy.md	66	2	![](_page_65_Diagram_17.jpeg)  Now we turn to graphs and fix terminology, where we assume the reader has a vis
cognition-a	02	mathematic of mental processes./ergobrain-web-june2013 copy/mathematic of mental processes./ergobrain-web-june2013 copy.md	68	2	ends of the edge in the case of a loop). A pair of *indistinguishable* points (two directions on an edge) is *
cognition-a	02	mathematic of mental processes./ergobrain-web-june2013 copy/mathematic of mental processes./ergobrain-web-june2013 copy.md	69	3	Now, the nature of a general tree is seen by how it accommodates  $H$ -subtrees (along with  $Y$ 's), i.e. in 
cognition-a	02	mathematic of mental processes./ergobrain-web-june2013 copy/mathematic of mental processes./ergobrain-web-june2013 copy.md	70	2	comes to (ergo)applications.  A basic notion in the category theory is that of a *commutative diagram*. Firstl
cognition-a	02	mathematic of mental processes./ergobrain-web-june2013 copy/mathematic of mental processes./ergobrain-web-june2013 copy.md	72	2	## 2.6 Spaces, Meters and Geometries.  *Products and Coordinates.* The basic examples of (large) spaces are *C
cognition-a	02	mathematic of mental processes./ergobrain-web-june2013 copy/mathematic of mental processes./ergobrain-web-june2013 copy.md	73	4	screen. Thus the perception of every  $y$  is represented by a point  $x = x(y)$  in the full perception space
cognition-a	02	mathematic of mental processes./ergobrain-web-june2013 copy/mathematic of mental processes./ergobrain-web-june2013 copy.md	74	2	We do not know if there is a canonical "distance meter" in the physical Universe, but our hands gave us the ba
cognition-a	02	mathematic of mental processes./ergobrain-web-june2013 copy/mathematic of mental processes./ergobrain-web-june2013 copy.md	76	3	On the contrary, if the (maximal) eigenvalue 1 has multiplicity  $k$ , then the graph (obviously) has  $k$  co
cognition-a	02	mathematic of mental processes./ergobrain-web-june2013 copy/mathematic of mental processes./ergobrain-web-june2013 copy.md	77	3	![](_page_76_Figure_10.jpeg)  $f(u, v)$  which equals 1 if there is an edge  $[u, v]$  in the graph and which
cognition-a	02	mathematic of mental processes./ergobrain-web-june2013 copy/mathematic of mental processes./ergobrain-web-june2013 copy.md	81	4	(Witnesses to this are systematic "<"  $\leftrightarrow$  ">" typos in mathematical papers. Similarly, it is h
cognition-a	02	mathematic of mental processes./ergobrain-web-june2013 copy/mathematic of mental processes./ergobrain-web-june2013 copy.md	83	4	$\times_{ij}$   $$x_i x_j = \sum_{k=1, \dots, d} N_{ijk} x_k,$$  where  $N_{ijk}$ ,  $i, j, k = 1, 2, \dots, d
cognition-a	02	mathematic of mental processes./ergobrain-web-june2013 copy/mathematic of mental processes./ergobrain-web-june2013 copy.md	84	5	mythologies may be just fairly tales, but they are more entertaining than the moralistic dogmas of monotheism.
cognition-a	02	mathematic of mental processes./ergobrain-web-june2013 copy/mathematic of mental processes./ergobrain-web-june2013 copy.md	86	4	**Prod – Multiplication.** The probability of simultaneous occurrence of several "mutually independent" events
cognition-a	02	mathematic of mental processes./ergobrain-web-june2013 copy/mathematic of mental processes./ergobrain-web-june2013 copy.md	88	2	(2) universality of  $(X^\times, g, g')$  for (1): if  $(X_\circ^\times, g'_\circ, g'_\circ)$  satisfy (1) the
cognition-a	02	mathematic of mental processes./ergobrain-web-june2013 copy/mathematic of mental processes./ergobrain-web-june2013 copy.md	91	5	be interpreted as a measure of how well you can "predict" which point "event"  $x$  comes up on the basis of  
cognition-a	02	mathematic of mental processes./ergobrain-web-june2013 copy/mathematic of mental processes./ergobrain-web-june2013 copy.md	92	3	![](_page_91_Picture_10.jpeg)  The above transformations do not essentially change the “meaning” of the words:
cognition-a	02	mathematic of mental processes./ergobrain-web-june2013 copy/mathematic of mental processes./ergobrain-web-june2013 copy.md	93	2	Which buttons has the bug (eye) to press in order to efficiently explore the leaf and learn something about it
cognition-a	02	mathematic of mental processes./ergobrain-web-june2013 copy/mathematic of mental processes./ergobrain-web-june2013 copy.md	94	4	erybody's guess is that the eye would employ such moves for comparing similar images, but I have not check if 
cognition-a	02	mathematic of mental processes./ergobrain-web-june2013 copy/mathematic of mental processes./ergobrain-web-june2013 copy.md	95	3	(This "finite" gives a wrong idea of *exponentially many* different states of a bug. But it may be not so absu
cognition-a	02	mathematic of mental processes./ergobrain-web-june2013 copy/mathematic of mental processes./ergobrain-web-june2013 copy.md	98	5	### 3 Structures in Life.  #### 3.1 Connectivity, Trees and Evolution.  #### 3.2 Trees, Sequences and Mutation
cognition-a	02	mathematic of mental processes./ergobrain-web-june2013 copy/mathematic of mental processes./ergobrain-web-june2013 copy.md	106	6	the **n**-tags to other nouns in the language, possibly, with many surprises for a pedantic grammarian.  Self-
cognition-a	02	mathematic of mental processes./ergobrain-web-june2013 copy/mathematic of mental processes./ergobrain-web-june2013 copy.md	109	2	*lated* substrings in them, where the boundaries/junctions between consecutive words are characterized by *jum
cognition-a	02	mathematic of mental processes./ergobrain-web-june2013 copy/mathematic of mental processes./ergobrain-web-june2013 copy.md	110	6	If this library were "random", most strings, say of length 11-12 would appear only once (since  $32^{12}$  let
cognition-a	02	mathematic of mental processes./ergobrain-web-june2013 copy/mathematic of mental processes./ergobrain-web-june2013 copy.md	111	4	the prediction maximization drive by an ergosystem; such approach can be used for segmentation of visual image
cognition-a	02	mathematic of mental processes./ergobrain-web-june2013 copy/mathematic of mental processes./ergobrain-web-june2013 copy.md	112	3	![](_page_111_Picture_11.jpeg)  accessible even to a most simple-minded mathematician.  ### 6.1 Self Referenti
cognition-a	02	mathematic of mental processes./ergobrain-web-june2013 copy/mathematic of mental processes./ergobrain-web-june2013 copy.md	114	2	Arnie's eyes sparkled with hidden laughter.  I felt curious— What are the words?  – We never say these words a
cognition-a	02	mathematic of mental processes./ergobrain-web-june2013 copy/mathematic of mental processes./ergobrain-web-june2013 copy.md	115	4	– Richard picked them up from an old robot movie – not at all for sissies:  – Two hundred pounds of muscles is
cognition-a	02	mathematic of mental processes./ergobrain-web-june2013 copy/mathematic of mental processes./ergobrain-web-june2013 copy.md	116	3	![](_page_115_Picture_23.jpeg)  Till recently this was a purely academic question, but now-a-days you have to
cognition-a	02	mathematic of mental processes./ergobrain-web-june2013 copy/mathematic of mental processes./ergobrain-web-june2013 copy.md	117	3	robot. As for a danger... this may be an exaggeration, but it may turn awkward if you are taken for a fast rob
cognition-a	02	mathematic of mental processes./ergobrain-web-june2013 copy/mathematic of mental processes./ergobrain-web-june2013 copy.md	118	3	periodic structure on 100-nano-scale. There are some quasi-periodic insertions of pigments here and there but 
cognition-a	02	mathematic of mental processes./ergobrain-web-june2013 copy/mathematic of mental processes./ergobrain-web-june2013 copy.md	119	3	- - Me?! *They* were scared, I told you, they were running like hell away from me. - - How did you scare them
cognition-a	02	mathematic of mental processes./ergobrain-web-june2013 copy/mathematic of mental processes./ergobrain-web-june2013 copy.md	122	2	– Please, Sir, – the boy pleaded Jason – do it again. Daddy never says it. Daddy is not a real robot.  The man
cognition-a	02	mathematic of mental processes./ergobrain-web-june2013 copy/mathematic of mental processes./ergobrain-web-june2013 copy.md	123	2	- - Who said him was a robot? – he asked nobody in particular. - - I did – Jenny said – I will be a real robot
cognition-a	02	mathematic of mental processes./ergobrain-web-june2013 copy/mathematic of mental processes./ergobrain-web-june2013 copy.md	124	4	parasite to sexually reproduce when its host is eaten by a cat, while infection in human subjects increases as
cognition-a	02	mathematic of mental processes./ergobrain-web-june2013 copy/mathematic of mental processes./ergobrain-web-june2013 copy.md	127	5	– Robot said that Mister Jenkins had bare hands. But he was not real and the man with red face wanted to break
cognition-a	02	mathematic of mental processes./ergobrain-web-june2013 copy/mathematic of mental processes./ergobrain-web-june2013 copy.md	130	2	![](_page_129_Picture_18.jpeg)  After the conversation, Richard had a second thought whether it had been wise
cognition-a	02	mathematic of mental processes./ergobrain-web-june2013 copy/mathematic of mental processes./ergobrain-web-june2013 copy.md	131	3	not too gently, her analyzer down the staircase.  Panic-stricken she could hardly talk.  – Careful! My analyze
cognition-a	02	mathematic of mental processes./ergobrain-web-june2013 copy/mathematic of mental processes./ergobrain-web-june2013 copy.md	132	2	- - Morning, doctor Helguson, your luck is here, the last for to-day. Give me you sample. Is there a message? 
cognition-a	02	mathematic of mental processes./ergobrain-web-june2013 copy/mathematic of mental processes./ergobrain-web-june2013 copy.md	133	3	And Jerry closed the door of the lab behind him.  Two hours later he emerged again all trembling with exciteme
cognition-a	02	mathematic of mental processes./ergobrain-web-june2013 copy/mathematic of mental processes./ergobrain-web-june2013 copy.md	134	2	– Not now, I am after new matches – it's unbelievable! See you – he hang up.  The three of them converged at t
cognition-a	02	mathematic of mental processes./ergobrain-web-june2013 copy/mathematic of mental processes./ergobrain-web-june2013 copy.md	135	3	- - I never... - - You said to Arnie it was either dog's or cat's hair, Jenny told me. - - All I said it was n
cognition-a	02	mathematic of mental processes./ergobrain-web-june2013 copy/mathematic of mental processes./ergobrain-web-june2013 copy.md	136	4	![](_page_135_Picture_16.jpeg)  The debates stopped when the great 12th century mathematician and astronomer B
cognition-a	02	mathematic of mental processes./ergobrain-web-june2013 copy/mathematic of mental processes./ergobrain-web-june2013 copy.md	137	8	– Come on! He does look very strong for his size, but I am three times heavier.  Arnie looked up and down at m
cognition-a	02	mathematic of mental processes./ergobrain-web-june2013 copy/mathematic of mental processes./ergobrain-web-june2013 copy.md	138	2	- – I meant science. - – But you said "philosophy", doesn't this go with the toilet paper?! - – What's wrong w
cognition-a	02	mathematic of mental processes./ergobrain-web-june2013 copy/mathematic of mental processes./ergobrain-web-june2013 copy.md	139	2	Eva came in. She shacked hands with everyone and tried to pat Gregory's head. Her mind was elsewhere. Gregory 
cognition-a	02	mathematic of mental processes./ergobrain-web-june2013 copy/mathematic of mental processes./ergobrain-web-june2013 copy.md	142	4	excited and wanted to look at the "body", probably, expecting to see a dog with butterfly wings. When he reali
cognition-a	02	mathematic of mental processes./ergobrain-web-june2013 copy/mathematic of mental processes./ergobrain-web-june2013 copy.md	143	3	![](_page_142_Picture_21.jpeg)  on the floor, returned to the table took the card from Helen hand in his mouth
cognition-a	02	mathematic of mental processes./ergobrain-web-june2013 copy/mathematic of mental processes./ergobrain-web-june2013 copy.md	145	2	I was involved, his secretary saw me. It was easy to fool her, not Jerry. He will ask for Gregory's DNA and if
cognition-a	02	mathematic of mental processes./ergobrain-web-june2013 copy/mathematic of mental processes./ergobrain-web-june2013 copy.md	146	3	![](_page_145_Picture_14.jpeg)  – Well, I have little to add to what you know from Arnie. The man was red hair
cognition-a	02	mathematic of mental processes./ergobrain-web-june2013 copy/mathematic of mental processes./ergobrain-web-june2013 copy.md	148	2	- - Gosh, Rick, how do you... - - Gregory is not the only one who can do it. Anyway, it *is* serious. We'll hi
cognition-a	02	mathematic of mental processes./ergobrain-web-june2013 copy/mathematic of mental processes./ergobrain-web-june2013 copy.md	149	2	- – Only a robot, he said, could have come up with such an idiotic question, you had asked, him, Arnie. - – Ev
cognition-a	02	mathematic of mental processes./ergobrain-web-june2013 copy/mathematic of mental processes./ergobrain-web-june2013 copy.md	150	2	![](_page_149_Picture_17.jpeg)  could not respond to psychoanalysis in accordance with the general guidelines
cognition-a	02	mathematic of mental processes./ergobrain-web-june2013 copy/mathematic of mental processes./ergobrain-web-june2013 copy.md	154	2	## 7 Bibliography.  ### References  - [1] Andersson, S, INTRINSIC STRUCTURE OF VIRUS CAPSIDS, and Andersson S,
cognition-a	02	mathematic of mental processes./ergobrain-web-june2013 copy/mathematic of mental processes./ergobrain-web-june2013 copy.md	155	3	- [16] Caspar, D. L. D., Crick, F. H. C., and Watson, J. D., (1956) "The Molecular Viruses considered as Point
cognition-a	02	mathematic of mental processes./ergobrain-web-june2013 copy/mathematic of mental processes./ergobrain-web-june2013 copy.md	156	3	[32] Deacon Terrence, The Symbolic Species , New York,, Norton, 1997.  [33] Stanislas Dehaene, Reading In The
cognition-a	02	mathematic of mental processes./ergobrain-web-june2013 copy/mathematic of mental processes./ergobrain-web-june2013 copy.md	158	3	[66] Robert Gwyn Macfarlane, 1984 Alexander Fleming\*, The Man and the Myth, Oxford University Press, 1984  [6
cognition-a	02	mathematic of mental processes./ergobrain-web-june2013 copy/mathematic of mental processes./ergobrain-web-june2013 copy.md	159	4	[84] Vliegenthart G. A., Gompper G, Mechanical Deformation of Spherical Viruses with Icosahedral Symmetry, *Bi
cognition-a	03	mathematic of mental processes./ergodictionary/mathematic of mental processes./ergodictionary.md	2	5	Understandably, 1 is more plausible than 2;<sup>1</sup> yet, it is not apparent how to formally derive this "u
cognition-a	03	mathematic of mental processes./ergodictionary/mathematic of mental processes./ergodictionary.md	3	3	(The repetitiveness of their basic operations allows a description of learning processes as *orbits under some
cognition-a	03	mathematic of mental processes./ergodictionary/mathematic of mental processes./ergodictionary.md	4	4	following ergo-logic, *disregard* all one a priori knows about this  $\mathcal{L}$ , *forget* this is a langua
cognition-a	03	mathematic of mental processes./ergodictionary/mathematic of mental processes./ergodictionary.md	5	6	After singling out these three different, yet mutually interdependent, processes, we must design algorithms im
cognition-a	03	mathematic of mental processes./ergodictionary/mathematic of mental processes./ergodictionary.md	6	5	A *particular dictionary*  $D = D(L) = D_{PRO}(L)$  is obtained from a collection of texts in some language, c
cognition-a	03	mathematic of mental processes./ergodictionary/mathematic of mental processes./ergodictionary.md	7	8	*Using a Dictionary.* The essential role of a dictionary  $D$  of a language  $\mathcal{L}$ , be it fully or p
cognition-a	03	mathematic of mental processes./ergodictionary/mathematic of mental processes./ergodictionary.md	8	3	Another attribute of "understanding" that is easy to test but hard to quantify is as follows.  [3] *Ability to
cognition-a	03	mathematic of mental processes./ergodictionary/mathematic of mental processes./ergodictionary.md	9	4	in a presence of non-local "correlations" between different fragments in texts.  For instance, if a sentence s
cognition-a	03	mathematic of mental processes./ergodictionary/mathematic of mental processes./ergodictionary.md	10	3	*Annotation & Parsing*, that is identification and classification of **textual units** that are persistent and
cognition-a	03	mathematic of mental processes./ergodictionary/mathematic of mental processes./ergodictionary.md	11	2	string *uniquely* (with negligibly rare exceptions) extends (if at all) to longer strings, since the total num
cognition-a	03	mathematic of mental processes./ergodictionary/mathematic of mental processes./ergodictionary.md	12	4	achieved, as we shall see later on, by operations of *reduction*<sup>30</sup> applied to (the sets of) strings
cognition-a	03	mathematic of mental processes./ergodictionary/mathematic of mental processes./ergodictionary.md	13	3	## 2.4 Fragmentation, Segmentation and Formation of Units.  Certain fragments of incoming signals<sup>32</sup>
cognition-a	03	mathematic of mental processes./ergodictionary/mathematic of mental processes./ergodictionary.md	14	3	isomorphic copies of five letter strings to the left and to the right from  $d$  and such that the correspondi
cognition-a	03	mathematic of mental processes./ergodictionary/mathematic of mental processes./ergodictionary.md	15	4	after  $s$  in a library  $L$  define a *probability measure* on these  $t$  for  $$p_{\rightarrow}(t) = p_{L,
cognition-a	03	mathematic of mental processes./ergodictionary/mathematic of mental processes./ergodictionary.md	16	3	of signals, "contains" units that are *not fragments of texts*. For instance, the groups of words, such as  {*
cognition-a	03	mathematic of mental processes./ergodictionary/mathematic of mental processes./ergodictionary.md	17	2	Another kind of groups of words having much in common that may or may not be regarded as true classes are thos
cognition-a	03	mathematic of mental processes./ergodictionary/mathematic of mental processes./ergodictionary.md	18	4	What can one do, say, with functions  $R(u_1, u_2, u_3)$ , where each  $u$ -variables may take  $\approx 10^6$
cognition-a	03	mathematic of mental processes./ergodictionary/mathematic of mental processes./ergodictionary.md	19	5	**A. Class of content words:** {*nouns*, (most) *verbs*, *adjectives*, *adverbs*.}  **B. Class of function wor
cognition-a	03	mathematic of mental processes./ergodictionary/mathematic of mental processes./ergodictionary.md	20	8	## COLLECTIONS, ENSEMBLES, SETS.  We *do not* regard *collections/ensembles* of nodes, and even less so of edg 
cognition-b	01	mathematic of mental processes./Learning Language-sections 1.1-1.9 and 2.1/mathematic of mental processes./Learning Language-sections 1.1-1.9 and 2.1.md	1	6	# Learning Language  Misha Gromov  March 2, 2020  ## Abstract  This is an edited version of two final lectures
cognition-b	01	mathematic of mental processes./Learning Language-sections 1.1-1.9 and 2.1/mathematic of mental processes./Learning Language-sections 1.1-1.9 and 2.1.md	4	2	![](_page_3_Picture_16.jpeg)  Figure 2: Too long to go around  ![](_page_3_Picture_18.jpeg)  Figure 3: Sleepin
cognition-b	01	mathematic of mental processes./Learning Language-sections 1.1-1.9 and 2.1/mathematic of mental processes./Learning Language-sections 1.1-1.9 and 2.1.md	5	4	(4) *Language* – as Chomsky says – *is a process of free creation*: learning to understand language, be it be 
cognition-b	01	mathematic of mental processes./Learning Language-sections 1.1-1.9 and 2.1/mathematic of mental processes./Learning Language-sections 1.1-1.9 and 2.1.md	19	2	In the realm of grammar, understanding involves the extraction of relations between word classes; an example i
cognition-b	01	mathematic of mental processes./Learning Language-sections 1.1-1.9 and 2.1/mathematic of mental processes./Learning Language-sections 1.1-1.9 and 2.1.md	20	3	small  $c$ , where, possibly,  $c = c(l)$  depends on  $l$ , yet remains strictly pinched between 0 and 1 for 
cognition-b	01	mathematic of mental processes./Learning Language-sections 1.1-1.9 and 2.1/mathematic of mental processes./Learning Language-sections 1.1-1.9 and 2.1.md	22	6	- • *specific predictions* rely, besides the memory and textual *cues*, on brain's tendency of *maximal genera
cognition-b	01	mathematic of mental processes./Learning Language-sections 1.1-1.9 and 2.1/mathematic of mental processes./Learning Language-sections 1.1-1.9 and 2.1.md	27	2	## 2.3 Similarities, Analogies and Inductive Reasoning  \*\*\*\*\*  ## 2.4 Computations, Iterations, and Learn
cognition-b	01	mathematic of mental processes./Learning Language-sections 1.1-1.9 and 2.1/mathematic of mental processes./Learning Language-sections 1.1-1.9 and 2.1.md	29	2	- [14] A phoneme clustering algorithm based on the obligatory contour principle Mans Hulden <https://www.aclwe
cognition-b	03	mathematic of mental processes./Quotations and Ideas/mathematic of mental processes./Quotations and Ideas.md	2	2	# Quotations and Ideas.  Misha Gromov  May 15, 2016  ## Contents  | 1 Beautiful Elsewhere. | 2  | |-----------
cognition-b	03	mathematic of mental processes./Quotations and Ideas/mathematic of mental processes./Quotations and Ideas.md	3	6	THE MYSTERY OF PHYSICAL LAWS,   THE MYSTERY OF LIFE, THE MYSTERY OF THE MIND THE MYSTERY OF MATHEMATICS.  
cognition-b	03	mathematic of mental processes./Quotations and Ideas/mathematic of mental processes./Quotations and Ideas.md	4	2	The most beautiful thing we can experience is the mysterious. It is the source of ... art and ... science – br
cognition-b	03	mathematic of mental processes./Quotations and Ideas/mathematic of mental processes./Quotations and Ideas.md	7	4	How does one decide, how can one select a sound judgement from this superduper-universe of possibilities? Math
cognition-b	03	mathematic of mental processes./Quotations and Ideas/mathematic of mental processes./Quotations and Ideas.md	9	2	All this being said, there is something not quite right with **STAP**: it is a byproduct of the machinery of f
cognition-b	03	mathematic of mental processes./Quotations and Ideas/mathematic of mental processes./Quotations and Ideas.md	11	5	Just think about it. You breed fruit flies, you count how many have particular *combinations* of certain featu
cognition-b	03	mathematic of mental processes./Quotations and Ideas/mathematic of mental processes./Quotations and Ideas.md	14	3	Next our mathematician will look not for a most symmetric space but for the most symmetric *law* of "motion" a
cognition-b	03	mathematic of mental processes./Quotations and Ideas/mathematic of mental processes./Quotations and Ideas.md	16	7	But others, including Galileo, Kepler and Newton himself, expressed similar ideas on gravitation.  Newton rega
cognition-b	03	mathematic of mental processes./Quotations and Ideas/mathematic of mental processes./Quotations and Ideas.md	17	3	in a tangle of paradoxes and ambiguities. And little consolation can be found in what physicists keep repeatin
cognition-b	03	mathematic of mental processes./Quotations and Ideas/mathematic of mental processes./Quotations and Ideas.md	20	3	NÄGELI, BOLTZMANN, GULDBERG, WAAGE, VAN 'T HOFF.  *Karl Wilhelm von Nägeli* (1817–1891) – a leading botanist o
cognition-b	03	mathematic of mental processes./Quotations and Ideas/mathematic of mental processes./Quotations and Ideas.md	21	4	instead of  $6 \cdot 10^{23}$ , the idea of atoms could forever remain only an idea.<sup>18</sup> (If atoms we
cognition-b	03	mathematic of mental processes./Quotations and Ideas/mathematic of mental processes./Quotations and Ideas.md	22	3	and gradually emerges   to the level of our senses.  TITUS LUCRETIUS, 50 BCE(?).  ![](_page_21_Figure_14.jpeg)
cognition-b	03	mathematic of mental processes./Quotations and Ideas/mathematic of mental processes./Quotations and Ideas.md	23	6	stant was by no means simple – this was achieved by Jean Baptiste Perrin and his team around 1913-1914 with th
cognition-b	03	mathematic of mental processes./Quotations and Ideas/mathematic of mental processes./Quotations and Ideas.md	27	2	*potessero sussistere e far proporzionatamente gli uffizii loro,   mentre tali animali si dovesser agumentare
cognition-b	03	mathematic of mental processes./Quotations and Ideas/mathematic of mental processes./Quotations and Ideas.md	28	6	(The idea of hot molten Earth was present in the writings by Descartes and Leibnitz.)  Buffon gave a definitio
cognition-b	03	mathematic of mental processes./Quotations and Ideas/mathematic of mental processes./Quotations and Ideas.md	29	9	Buffon overhauled much of the knowledge of his time and developed a view on Nature and Life from a broad scien
cognition-b	03	mathematic of mental processes./Quotations and Ideas/mathematic of mental processes./Quotations and Ideas.md	32	4	*"typical" events/behaviours.*  Processes in Life often run as lotteries – no one's gain is close to the avera
cognition-b	03	mathematic of mental processes./Quotations and Ideas/mathematic of mental processes./Quotations and Ideas.md	33	5	the "*economy of information principle*" that dictates the icosahedral symmetry of viral particles (such as in
cognition-b	03	mathematic of mental processes./Quotations and Ideas/mathematic of mental processes./Quotations and Ideas.md	37	4	how can you take natural selection for the *main* factor in evolution as Darwin says?)  A rough quantitative p
cognition-b	03	mathematic of mental processes./Quotations and Ideas/mathematic of mental processes./Quotations and Ideas.md	38	3	the dominant role of selection in what we now call *microevolution* but not, as Darwin and Wallace did, in *ma
cognition-b	03	mathematic of mental processes./Quotations and Ideas/mathematic of mental processes./Quotations and Ideas.md	39	3	![](_page_38_Picture_11.jpeg)  parents. Not enough mummy's milk – you are dead long before you learn what your
cognition-b	03	mathematic of mental processes./Quotations and Ideas/mathematic of mental processes./Quotations and Ideas.md	40	4	Disagreeing with Darwin, Wallace rejected the superficial similarity between artificial selection and natural 
cognition-b	03	mathematic of mental processes./Quotations and Ideas/mathematic of mental processes./Quotations and Ideas.md	42	5	A remarkable instance of this kind of a structure *–imprinting in young animals–* was described in a 1872 pape
cognition-b	03	mathematic of mental processes./Quotations and Ideas/mathematic of mental processes./Quotations and Ideas.md	43	3	![](_page_42_Diagram_8.jpeg)  Cuvier's analysis of the fossil data was the primary source of the 19th century
cognition-b	03	mathematic of mental processes./Quotations and Ideas/mathematic of mental processes./Quotations and Ideas.md	47	4	![](_page_46_Picture_14.jpeg)  *no bound to the prolific nature of plants or animals, but what is made by thei
cognition-b	03	mathematic of mental processes./Quotations and Ideas/mathematic of mental processes./Quotations and Ideas.md	50	9	anything.  Darwin wanted more of his selection theory than being merely a *convincing explanation* of the evol
cognition-b	03	mathematic of mental processes./Quotations and Ideas/mathematic of mental processes./Quotations and Ideas.md	52	3	Shakespeare could not have been acquainted with the *Surgical Papyrus* – this was discovered in the middle 180
cognition-b	03	mathematic of mental processes./Quotations and Ideas/mathematic of mental processes./Quotations and Ideas.md	53	3	Ancients had no idea of a cell and could not fathom how the brain works. And when the cellular structure of th
cognition-b	03	mathematic of mental processes./Quotations and Ideas/mathematic of mental processes./Quotations and Ideas.md	56	4	What does it mean to understand mind? What are the right questions to ask?  It seems there is an invisible int
cognition-b	04	mathematic of mental processes./memorandum ergo/mathematic of mental processes./memorandum ergo.md	2	2	| 18 Logic and Illusion of Rigor                                              | 57  | |-----------------------
cognition-b	04	mathematic of mental processes./memorandum ergo/mathematic of mental processes./memorandum ergo.md	3	7	Some think that no radical departure from physics is needed. Frances Crick,<sup>1</sup> for instance, believed
cognition-b	04	mathematic of mental processes./memorandum ergo/mathematic of mental processes./memorandum ergo.md	9	2	![](_page_8_Figure_14.jpeg)  GENOTYPE ~ PHENOTYPE QUESTION. How much of the anatomy, physiology, behaviour of
cognition-b	04	mathematic of mental processes./memorandum ergo/mathematic of mental processes./memorandum ergo.md	10	2	of amino acids takes place in a watery environment  $E$ , where it is propelled by interactions of  $\mathcal{
cognition-b	04	mathematic of mental processes./memorandum ergo/mathematic of mental processes./memorandum ergo.md	12	4	(\*) *Collectivity of Protein Functions*. The function of a given protein  $P$  in the cell makes sense only i
cognition-b	04	mathematic of mental processes./memorandum ergo/mathematic of mental processes./memorandum ergo.md	16	7	No. This ability is lost by "mature minds". One can not even recognise 2-dimensional images by looking at grap
cognition-b	04	mathematic of mental processes./memorandum ergo/mathematic of mental processes./memorandum ergo.md	19	8	is no more paradoxical than, say, a mechanical system moving in an absence of a force.  the  External constrai
cognition-b	04	mathematic of mental processes./memorandum ergo/mathematic of mental processes./memorandum ergo.md	22	3	GG and BB.<sup>52</sup>  These transformations do not essentially change the "meaning" of the words: a green s
cognition-b	04	mathematic of mental processes./memorandum ergo/mathematic of mental processes./memorandum ergo.md	23	4	compression: the information a priority needed to encode a leaf is proportional to its area, say  $A \cdot N^2
cognition-b	04	mathematic of mental processes./memorandum ergo/mathematic of mental processes./memorandum ergo.md	25	5	# 7 Stones and Goals  *Reach high, for stars lie hidden in you.*  RABINDRANATH TAGORE  Some maintain that mast
cognition-b	04	mathematic of mental processes./memorandum ergo/mathematic of mental processes./memorandum ergo.md	28	5	human and animals, the two, probably, are not much separated; a presence of *ergo in the mind* is visible in h
cognition-b	04	mathematic of mental processes./memorandum ergo/mathematic of mental processes./memorandum ergo.md	29	4	serve as indicators as well as dynamic components, of the activity of the ergo-brain. These indicators tell us
cognition-b	04	mathematic of mental processes./memorandum ergo/mathematic of mental processes./memorandum ergo.md	34	3	![](_page_33_Figure_15.jpeg)  The / (L.C.) = Stars that are (L.C.)  Majority of stars do not turn to supern
cognition-b	04	mathematic of mental processes./memorandum ergo/mathematic of mental processes./memorandum ergo.md	36	2	of Pirahā, such as sentences not being produced according to Chomskyan style transformational grammar, also re
cognition-b	04	mathematic of mental processes./memorandum ergo/mathematic of mental processes./memorandum ergo.md	37	2	![](_page_36_Picture_16.jpeg)  ![](_page_36_Picture_17.jpeg)  *Life is either a great adventure or nothing.* H
cognition-b	04	mathematic of mental processes./memorandum ergo/mathematic of mental processes./memorandum ergo.md	38	5	They are the light   that guides me through the darkness .....  With my hands I sing Sing loud enough for
cognition-b	04	mathematic of mental processes./memorandum ergo/mathematic of mental processes./memorandum ergo.md	40	6	Another objection may be that learning chess and understanding its meaning, unlike learning native languages b
cognition-b	04	mathematic of mental processes./memorandum ergo/mathematic of mental processes./memorandum ergo.md	41	5	VISION<sub>ergo</sub> is vast and voluminous – more than half of the primate (including human) cortex is dedic
cognition-b	04	mathematic of mental processes./memorandum ergo/mathematic of mental processes./memorandum ergo.md	44	3	*aesthetic perception* – feeling of beauty of nature and of artistic beauty, is shared within our minds with t
cognition-b	04	mathematic of mental processes./memorandum ergo/mathematic of mental processes./memorandum ergo.md	46	6	like: *teeth* are for chewing and wings are for flying. We search for *new, unknown, invisible* to understand<
cognition-b	04	mathematic of mental processes./memorandum ergo/mathematic of mental processes./memorandum ergo.md	47	3	na  the brain needs to represent within itself.<sup>109</sup> Probably, the number of synaptic connections nee
cognition-b	04	mathematic of mental processes./memorandum ergo/mathematic of mental processes./memorandum ergo.md	50	5	![](_page_49_Picture_17.jpeg)  ![](_page_49_Picture_18.jpeg)  a b/s  the  the  u  We share our inborn<sup>12
cognition-b	04	mathematic of mental processes./memorandum ergo/mathematic of mental processes./memorandum ergo.md	53	5	of the human thinking processes as for illuminating the nature of the human mathematics.  17 Numbers, Symmetri
cognition-b	04	mathematic of mental processes./memorandum ergo/mathematic of mental processes./memorandum ergo.md	54	8	But there is no comparably simple implementation of, say,  $a \mapsto 2a - 1$  one can not just copy or double
cognition-b	04	mathematic of mental processes./memorandum ergo/mathematic of mental processes./memorandum ergo.md	55	3	For instance, the input of the visual system may be represented by the set of samples of a distribution of (no
cognition-b	04	mathematic of mental processes./memorandum ergo/mathematic of mental processes./memorandum ergo.md	56	2	![](_page_55_Picture_11.jpeg)  However, certain transformations of such objects, e.g. of sentences, can be dep
cognition-b	04	mathematic of mental processes./memorandum ergo/mathematic of mental processes./memorandum ergo.md	60	7	Mathematical rigor and logical certainty are absent not only from logical foundations of mathematics but also 
cognition-b	04	mathematic of mental processes./memorandum ergo/mathematic of mental processes./memorandum ergo.md	61	3	however, generate a language that is represented by something *infinite*, call it  $\mathcal{M}'$  – a "fragme
cognition-b	04	mathematic of mental processes./memorandum ergo/mathematic of mental processes./memorandum ergo.md	64	3	And slightly larger numbers, such as  ![](_page_63_Diagram_23.jpeg)  if perceived, then only through a lens of
cognition-b	04	mathematic of mental processes./memorandum ergo/mathematic of mental processes./memorandum ergo.md	66	5	to *compositions* of what is available in the "pool" of *relatively small number* of innate atomic ideas evolu
cognition-b	04	mathematic of mental processes./memorandum ergo/mathematic of mental processes./memorandum ergo.md	69	5	![](_page_68_Picture_23.jpeg)  ![](_page_68_Picture_24.jpeg)  of gambling, that written in the mid 1500s, and
cognition-b	04	mathematic of mental processes./memorandum ergo/mathematic of mental processes./memorandum ergo.md	70	2	The  Besides opening the fields of *geometric probability* and *integral geometry*, Buffon, who understood phy
cognition-b	04	mathematic of mental processes./memorandum ergo/mathematic of mental processes./memorandum ergo.md	73	4	Scents, unlike images and sounds can not be written and rewritten on a variety of backgrounds they are support
cognition-b	04	mathematic of mental processes./memorandum ergo/mathematic of mental processes./memorandum ergo.md	74	5	Natural languages do not waste words for naming *individual* objects/properties but rather exercise the art of
cognition-b	04	mathematic of mental processes./memorandum ergo/mathematic of mental processes./memorandum ergo.md	75	2	3. *Mathematics.* Learning mathematics is an interactive process but it is hard to say exactly in what sense. 
cognition-b	04	mathematic of mental processes./memorandum ergo/mathematic of mental processes./memorandum ergo.md	77	3	# 23 Characteristic Features of Linguistic Signals  ![](_page_76_Picture_15.jpeg)  Linguistic information ente
cognition-b	04	mathematic of mental processes./memorandum ergo/mathematic of mental processes./memorandum ergo.md	78	8	can  And if "Jack" appears on every second page in a book and "his eyes sparkled again" than, you bet, "Jack's
cognition-b	04	mathematic of mental processes./memorandum ergo/mathematic of mental processes./memorandum ergo.md	79	7	![](_page_78_Picture_20.jpeg)  ![](_page_78_Picture_21.jpeg)  We do not have a full idea of what these are but
cognition-b	04	mathematic of mental processes./memorandum ergo/mathematic of mental processes./memorandum ergo.md	85	7	*Universality and Doublethink.* If one expects an analysis of a *flow of signals*, e.g. of a collection of tex
cognition-b	04	mathematic of mental processes./memorandum ergo/mathematic of mental processes./memorandum ergo.md	86	3	Tagging may be visualised as colouring certain fragments in texts, where these fragments and the corresponding
cognition-b	04	mathematic of mental processes./memorandum ergo/mathematic of mental processes./memorandum ergo.md	87	8	"coordinates"  $u_1, u_2, \dots$  of  $U$  and where this space would accommodate incoming loosely structured 
cognition-b	04	mathematic of mental processes./memorandum ergo/mathematic of mental processes./memorandum ergo.md	89	5	A more difficult/interesting aspect of annotation is identifying "significant strings" (this is essentially wh
cognition-b	04	mathematic of mental processes./memorandum ergo/mathematic of mental processes./memorandum ergo.md	92	6	And even if, say, paintings and ■'s, both are regarded as "units", they are unlikely to be filed by your (visu
cognition-b	04	mathematic of mental processes./memorandum ergo/mathematic of mental processes./memorandum ergo.md	93	3	![](_page_92_Picture_13.jpeg)  they employ, the idea they convey, or in their syntax. The strongest similariti
cognition-b	04	mathematic of mental processes./memorandum ergo/mathematic of mental processes./memorandum ergo.md	94	8	Then one may compose arrows  $$s_1 \xrightarrow{f} s_2 \xrightarrow{g} s_3 \text{ with the composition denoted
cognition-b	04	mathematic of mental processes./memorandum ergo/mathematic of mental processes./memorandum ergo.md	97	5	visual fields, such as "perceived objects or "things"<sup>242</sup> lie at the heart of all combinatorial mode
cognition-b	04	mathematic of mental processes./memorandum ergo/mathematic of mental processes./memorandum ergo.md	98	4	may accept  $d$  as a division point in  $S$  and to use this for identifying previously unseen units in  $S$ 
cognition-b	04	mathematic of mental processes./memorandum ergo/mathematic of mental processes./memorandum ergo.md	100	2	[-] The full category  $\mathcal{C}_{\rightarrow}(L)$  contains many "insignificant" arrows, e.g. insertions o
cognition-b	04	mathematic of mental processes./memorandum ergo/mathematic of mental processes./memorandum ergo.md	101	3	en dash  of the ergo-logic principles that allows no unstructured set of objects with more than three four mem
cognition-b	04	mathematic of mental processes./memorandum ergo/mathematic of mental processes./memorandum ergo.md	103	5	Classifications are often (but not always) achieved by means of *similarity* and/or *equivalence* relations  $
cognition-b	04	mathematic of mental processes./memorandum ergo/mathematic of mental processes./memorandum ergo.md	104	2	$c_1(u)$  takes values *long, medium, short*, depending on whether  $u$  has at most 4, between 5 and 8, or mo
cognition-b	04	mathematic of mental processes./memorandum ergo/mathematic of mental processes./memorandum ergo.md	106	3	3/2ed  (Graphs are represented by 2-valued edge/no-edge, or {0,1} for brevity's sake, functions.) Namely,  \*
cognition-b	04	mathematic of mental processes./memorandum ergo/mathematic of mental processes./memorandum ergo.md	109	3	the idea of *meaning* we attribute to these classes is not the source, but a *product* of the process of mathe
cognition-b	04	mathematic of mental processes./memorandum ergo/mathematic of mental processes./memorandum ergo.md	113	2	[26] Jason Padgett, Struck by Genius: How a Brain Injury Made Me a Mathematical Marvel.  *ital*  [27] Sources
cognition-b	05	mathematic of mental processes/mathematic of mental processes.md	1	4	# Learning and Understanding in the Mirror of Mathematics, Chapters 1 and 2  Misha Gromov  August 24, 2018  ..
cognition-b	05	mathematic of mental processes/mathematic of mental processes.md	4	3	This suggests that  the core of the human mind is simple and its structure *is* comprehensible.  Let us search
cognition-b	05	mathematic of mental processes/mathematic of mental processes.md	10	3	It is even more amazing that the "core" or the "seed" of a mature *UNDERSTANDING*<sub>N</sub> must be thousand
cognition-b	05	mathematic of mental processes/mathematic of mental processes.md	13	3	The most studied instance of this is the self-grooming of rats – a frequent activity of rodents with many evol
cognition-b	05	mathematic of mental processes/mathematic of mental processes.md	14	2	![](_page_13_Picture_14.jpeg)  ification (sometimes suppression or creation) of a protein.<sup>19</sup>  Most
cognition-b	05	mathematic of mental processes/mathematic of mental processes.md	23	7	An argument against the latter was articulated by Edgar Allan Poe in his *Maelzel's Chess Player* – an essay p
cognition-b	05	mathematic of mental processes/mathematic of mental processes.md	24	4	and, given the speed limitation of the 18th mechanical contraptions, Poe justly concludes that no automaton, s
cognition-b	05	mathematic of mental processes/mathematic of mental processes.md	26	2	The latter may appear as an obstacle to formalisation of human learning and human understanding.  Universality
cognition-b	05	mathematic of mental processes/mathematic of mental processes.md	27	4	In his 1941 book *New Paths in Genetics* Haldane suggested how the self-reproduction of the gene could be demo
cognition-b	05	mathematic of mental processes/mathematic of mental processes.md	28	2	$♪_{SIG}$  When we say "*understanding*" we mean "understanding **something**". We call these **somethings**, 
cognition-b	05	mathematic of mental processes/mathematic of mental processes.md	30	3	ies, trees, animals are, up to large extent, *perceptually discretizable* – one can tell stories about what on
cognition-b	05	mathematic of mental processes/mathematic of mental processes.md	31	3	instances of which are implemented by these images.  ## 2.3 Landscapes and Contexts.  ...CONTEXT IS THE KEY 
cognition-b	05	mathematic of mental processes/mathematic of mental processes.md	34	6	THE MOST INCOMPREHENSIBLE THING ABOUT THE WORLD   IS THAT IT IS AT ALL COMPREHENSIBLE.  ALBERT EINSTEIN.  What
cognition-b	05	mathematic of mental processes/mathematic of mental processes.md	35	3	Similarities often modulate the second order textual links in *NET* by bringing in contact a priori unrelated 
cognition-b	05	mathematic of mental processes/mathematic of mental processes.md	36	2	![](_page_35_Picture_23.jpeg)  Figure 9: forms one.  ![](_page_35_Picture_25.jpeg)  Figure 10: forms two.  ![]
cognition-b	05	mathematic of mental processes/mathematic of mental processes.md	40	3	## 2.8 Ambiguities, Annotations and Contextual Disambiguation.  ANYONE WHO VISITS A PSYCHIATRIST OUGHT TO HA
cognition-b	05	mathematic of mental processes/mathematic of mental processes.md	41	6	entities  $\odot_{\mathcal{G}, \mathcal{N}, \mathcal{Q}}$  would agree on which of the two following sentences
cognition-b	05	mathematic of mental processes/mathematic of mental processes.md	43	2	## 2.11 Morphology and Syntax, Semantics and Pragmatics  Borrowed from linguistics, this terminology applies t
cognition-b	05	mathematic of mental processes/mathematic of mental processes.md	47	4	C. *Similarity (rescaling) transformations* of the (retinal) image under variations of the distance to the obj
cognition-b	05	mathematic of mental processes/mathematic of mental processes.md	48	4	We have already met non-reversible *reduction arrows* and instances of their compositions, such as  ![](_page_ 
curvature-hopf	01	lectures on Curvature 2025/ Chern /lectures on Curvature 2025/ Chern .md	23	2	Schur's theorem has many applications. For example, it gives a solution of the following minimum problem: Dete
curvature-hopf	02	lectures on Curvature 2025/Hopf/lectures on Curvature 2025/Hopf.md	2	3	For information about Vols. 1–1173 please contact your bookseller or Springer-Verlag.  Vol. 1174: Categories i
curvature-hopf	02	lectures on Curvature 2025/Hopf/lectures on Curvature 2025/Hopf.md	7	5	## PREFACE  These notes consist of two parts:  1. 1) Selected Topics in Geometry, New York University 1946, No
curvature-hopf	02	lectures on Curvature 2025/Hopf/lectures on Curvature 2025/Hopf.md	8	3	The main content of Part 2 consists of the study of Weingarten surfaces in the three-dimensional Euclidean spa
curvature-hopf	02	lectures on Curvature 2025/Hopf/lectures on Curvature 2025/Hopf.md	9	2	TABLE OF CONTENTS  Part One  |                                                                   | page | |---
curvature-hopf	02	lectures on Curvature 2025/Hopf/lectures on Curvature 2025/Hopf.md	20	2	tinuously, hence remains a constant under such a deformation.)  Examples of singular points in vector fields: 
curvature-hopf	02	lectures on Curvature 2025/Hopf/lectures on Curvature 2025/Hopf.md	45	2	$\int_{s_1}^{s_2} d\sigma \leq \pi$ . The length of the spherical image can be written in the form:  $$(5.2) \
curvature-hopf	02	lectures on Curvature 2025/Hopf/lectures on Curvature 2025/Hopf.md	68	3	### Section 2. Definition:  Two polygons (polyhedra),  $A$  and  $B$ , are equivalent if there exist polygons
curvature-hopf	02	lectures on Curvature 2025/Hopf/lectures on Curvature 2025/Hopf.md	72	3	collection of polygons. It is of some interest to find out (at least in some special cases) what is the least 
curvature-hopf	02	lectures on Curvature 2025/Hopf/lectures on Curvature 2025/Hopf.md	81	2	having the same volume are equivalent to the same prism  $P'''$ , hence by the transitivity of equivalence the
curvature-hopf	02	lectures on Curvature 2025/Hopf/lectures on Curvature 2025/Hopf.md	82	3	PROBLEMSChapter I  1. (1) The polar  $G'$  of a corner  $G$  is defined as the corner whose edges are the posi
curvature-hopf	02	lectures on Curvature 2025/Hopf/lectures on Curvature 2025/Hopf.md	83	2	metrie" and show why it doesn't apply to self-intersecting curves.  ### Chapter IV  (1) (a) Show tetrahedron 1
curvature-hopf	02	lectures on Curvature 2025/Hopf/lectures on Curvature 2025/Hopf.md	85	3	CONTENTS  Introduction  I. Differential Geometry of Surfaces in the Small  - 0. Notation - 1. Elementary Conce
curvature-hopf	02	lectures on Curvature 2025/Hopf/lectures on Curvature 2025/Hopf.md	94	2	Since  $z^2 = \text{constant}$  is a special case of the theorem, the length of a parallel vector field is con
curvature-hopf	02	lectures on Curvature 2025/Hopf/lectures on Curvature 2025/Hopf.md	102	4	are precisely the eigenvalues  $k_1$  and  $k_2$ , and the directions in which they occur coincide with the di
curvature-hopf	02	lectures on Curvature 2025/Hopf/lectures on Curvature 2025/Hopf.md	107	3	4)  $E$  is not bounded  $I$  is called the interior of  $S$  and  $E$  is called the exterior of  $S$ .  1.3
curvature-hopf	02	lectures on Curvature 2025/Hopf/lectures on Curvature 2025/Hopf.md	108	3	If the surface is a subset of a Euclidean space then an equivalent condition is that it be possible to assign 
curvature-hopf	02	lectures on Curvature 2025/Hopf/lectures on Curvature 2025/Hopf.md	109	4	$(-\frac{u}{n}, -\frac{v}{n}, -\frac{w}{n})$ , where  $n = \sqrt{u^2 + v^2 + w^2}$ , under the first correspon
curvature-hopf	02	lectures on Curvature 2025/Hopf/lectures on Curvature 2025/Hopf.md	111	3	with maximal functional rank. The proof consists essentially in observing that if such equations could be give
curvature-hopf	02	lectures on Curvature 2025/Hopf/lectures on Curvature 2025/Hopf.md	112	3	Define  $$ds^2 = d\alpha^2 + d\beta^2 .$$  Then  $K \equiv 0$  , since in this metric,  $S_0$  is locally like
curvature-hopf	02	lectures on Curvature 2025/Hopf/lectures on Curvature 2025/Hopf.md	128	2	of  $T_a$  except a lies in the exterior of  $S$ . Suppose for simplicity that  $T_a$  is horizontal and  $S$ 
curvature-hopf	02	lectures on Curvature 2025/Hopf/lectures on Curvature 2025/Hopf.md	129	3	Closed Surfaces with Constant Gauss Curvature (Hilbert's Method) -   Generalizations and Problems - General Re
curvature-hopf	02	lectures on Curvature 2025/Hopf/lectures on Curvature 2025/Hopf.md	132	3	Then  $S$  is a sphere.  Proof: Since  $S$  is an ovaloid,  $K > 0$ , and hence by Lemma 1.3,  $p$  is an umbi
curvature-hopf	02	lectures on Curvature 2025/Hopf/lectures on Curvature 2025/Hopf.md	133	2	quence of Lemma 1.3.  **1.7 Exercise.** Give an example of a surface, not a sphere, with  $K = \text{constant}
curvature-hopf	02	lectures on Curvature 2025/Hopf/lectures on Curvature 2025/Hopf.md	137	2	b) A non-orientable surface can be constructed as illustrated  ![](_page_136_Picture_13.jpeg)  c) One can also
curvature-hopf	02	lectures on Curvature 2025/Hopf/lectures on Curvature 2025/Hopf.md	138	2	### 3. The Isoperimetric Problem and Surfaces with Constant H  3.1 Introduction. The isoperimetric problem in
curvature-hopf	02	lectures on Curvature 2025/Hopf/lectures on Curvature 2025/Hopf.md	141	4	3.5. The condition that  $H$  is constant occurs in another connection; namely, a free soap bubble is in equil
curvature-hopf	02	lectures on Curvature 2025/Hopf/lectures on Curvature 2025/Hopf.md	146	2	not exist; i.e.  $U^* = S_0 = U$ , and  $S$  is a sphere.  2.5 Second Proof of the Main Theorem: The metric of
curvature-hopf	02	lectures on Curvature 2025/Hopf/lectures on Curvature 2025/Hopf.md	166	2	### 5. The Main Theorem  **5.1 Lemma.** Let  $S$  be a simple closed surface of class  $C^3$  with constant me
curvature-hopf	02	lectures on Curvature 2025/Hopf/lectures on Curvature 2025/Hopf.md	178	4	dependent of the coordinate system and therefore  $$\iint_{S_0} (K'p-H^*) dA = 0 .$$  Exercise: Derive formula
curvature-hopf	02	lectures on Curvature 2025/Hopf/lectures on Curvature 2025/Hopf.md	181	3	1.3 Examples in E<sup>3</sup>. Surfaces of revolution with constant negative Gauss curvature and with singular
curvature-hopf	02	lectures on Curvature 2025/Hopf/lectures on Curvature 2025/Hopf.md	189	2	#### 4. Further Details and Generalizations  4.1 Singularities. M.H. Amsler has shown that on an analytic surf
curvature-hopf	02	lectures on Curvature 2025/Hopf/lectures on Curvature 2025/Hopf.md	191	2	## LECTURE NOTES IN MATHEMATICS  Edited by A. Dold and B. Eckmann  Some general remarks on the publication of
curvature-hopf	02	lectures on Curvature 2025/Hopf/lectures on Curvature 2025/Hopf.md	193	3	Vol. 1233: Stability Problems for Stochastic Models. Proceedings, 1985. Edited by V.V. Kalashnikov, B. Penkov 
curvature-hopf	02	lectures on Curvature 2025/Hopf/lectures on Curvature 2025/Hopf.md	194	3	Vol. 1290: G. Wüstholz (Ed.), Diophantine Approximation and Transcendence Theory. Seminar, 1985. V, 243 pages.
curvature-hopf	03	lectures on Curvature 2025/Sign and geometric meaning of curvature/lectures on Curvature 2025/Sign and geometric meaning of curvature.md	1	2	## SIGN AND GEOMETRIC MEANING OF CURVATURE  (*Conferenza tenuta il 14 giugno 1990*)  SUNTO. — Questa monografi
curvature-hopf	03	lectures on Curvature 2025/Sign and geometric meaning of curvature/lectures on Curvature 2025/Sign and geometric meaning of curvature.md	4	2	*interior looking* and the part of  $\mathfrak{R}^n$  where  $v$  looks into it is called the *interior* of  $
curvature-hopf	03	lectures on Curvature 2025/Sign and geometric meaning of curvature/lectures on Curvature 2025/Sign and geometric meaning of curvature.md	11	4	distance function  $$\delta(v) = - \text{dist}(v, W) = - \inf_{w \in W} \text{dist}(v, w).$$  The function  $\
curvature-hopf	03	lectures on Curvature 2025/Sign and geometric meaning of curvature/lectures on Curvature 2025/Sign and geometric meaning of curvature.md	14	4	Finally we indicate yet another  $k$ -convexity condition by the analogy with the classical convex case, for e
curvature-hopf	03	lectures on Curvature 2025/Sign and geometric meaning of curvature/lectures on Curvature 2025/Sign and geometric meaning of curvature.md	15	2	point) for  $n \geq 3$  and thus bound a convex domain in  $\mathbb{R}^n$ . The latter statement generalizes t
curvature-hopf	03	lectures on Curvature 2025/Sign and geometric meaning of curvature/lectures on Curvature 2025/Sign and geometric meaning of curvature.md	17	3	Finally, we suggest to the reader to work out the notion of  $k$ -convexity in the quaternion space  $\mathfra
curvature-hopf	03	lectures on Curvature 2025/Sign and geometric meaning of curvature/lectures on Curvature 2025/Sign and geometric meaning of curvature.md	22	3	metric in the Riemannian and Finsler cases (but it may be not so for less regular length structures where, for
curvature-hopf	03	lectures on Curvature 2025/Sign and geometric meaning of curvature/lectures on Curvature 2025/Sign and geometric meaning of curvature.md	27	2	bourhood  $U \subset V$  by taking a diffeomorphism  $f : U' \rightarrow U$  for some  $U' \subset \mathbb{R}^
curvature-hopf	03	lectures on Curvature 2025/Sign and geometric meaning of curvature/lectures on Curvature 2025/Sign and geometric meaning of curvature.md	31	3	$\gamma: [-\varepsilon, 0] \rightarrow V$  with  $\gamma(0) = w$  and  $\gamma'(0) = v$ . If  $V$  is complete
curvature-hopf	03	lectures on Curvature 2025/Sign and geometric meaning of curvature/lectures on Curvature 2025/Sign and geometric meaning of curvature.md	32	5	plane  $W' \subset \mathfrak{R}^n$  in geodesic coordinates, such that  $W'$  is tangent to  $S$  at  $T_0(\ma
curvature-hopf	03	lectures on Curvature 2025/Sign and geometric meaning of curvature/lectures on Curvature 2025/Sign and geometric meaning of curvature.md	38	2	form  $Q$  satisfies some symmetry relation, called the *Bianchi identity*, which reduces the dimension to  $\
curvature-hopf	03	lectures on Curvature 2025/Sign and geometric meaning of curvature/lectures on Curvature 2025/Sign and geometric meaning of curvature.md	39	2	as the  $b$ -end of the geodesic segments  $[v, b]$  which extends  $[v, a]$  and has  $$\text{length } [v, b]
curvature-hopf	03	lectures on Curvature 2025/Sign and geometric meaning of curvature/lectures on Curvature 2025/Sign and geometric meaning of curvature.md	41	4	### § 3. MANIFOLDS WITH POSITIVE SECTIONAL CURVATURE.  As we already know the curvature condition  $K(V) \geq
curvature-hopf	03	lectures on Curvature 2025/Sign and geometric meaning of curvature/lectures on Curvature 2025/Sign and geometric meaning of curvature.md	42	3	may be (and typically is) non-geodesic at  $w$  in  $V$ . With this in mind one can see that  $W'$  is convex 
curvature-hopf	03	lectures on Curvature 2025/Sign and geometric meaning of curvature/lectures on Curvature 2025/Sign and geometric meaning of curvature.md	44	2	In other words a point  $v \in V_*^-$  becomes singular if there are two distinct points  $w'$  and  $w''$  in
curvature-hopf	03	lectures on Curvature 2025/Sign and geometric meaning of curvature/lectures on Curvature 2025/Sign and geometric meaning of curvature.md	52	2	Then automatically  $$|v_2' - v_3'|_{\mathbf{R}^2} = |v_2 - v_3|_V$$  and the Euclidean distance  $|v_0' - v_3
curvature-hopf	03	lectures on Curvature 2025/Sign and geometric meaning of curvature/lectures on Curvature 2025/Sign and geometric meaning of curvature.md	54	3	Another kind of a singular space with  $K \geq 0$  is the unit *Euclidean cone* over a manifold  $S$  with  $K
curvature-hopf	03	lectures on Curvature 2025/Sign and geometric meaning of curvature/lectures on Curvature 2025/Sign and geometric meaning of curvature.md	57	2	$\frac{1}{4} \leq K(V) \leq 1$  is non-homeomorphic to  $S^n$  then it is necessarily *isometric* to the proje
curvature-hopf	03	lectures on Curvature 2025/Sign and geometric meaning of curvature/lectures on Curvature 2025/Sign and geometric meaning of curvature.md	59	2	(3) The geometric image of the ball  $B \subset T_v(V)$  wrapping around  $V$  under the exponential map  $e :
curvature-hopf	03	lectures on Curvature 2025/Sign and geometric meaning of curvature/lectures on Curvature 2025/Sign and geometric meaning of curvature.md	60	3	in  $V$ , then it is diffeomorphic to  $S^{n-1}$ . Moreover, there exists a ball  $B'$  which bounds this  $S^
curvature-hopf	03	lectures on Curvature 2025/Sign and geometric meaning of curvature/lectures on Curvature 2025/Sign and geometric meaning of curvature.md	62	2	#### § 4. NEGATIVE SECTIONAL CURVATURE.  Here  $V = (V, g)$  is a complete Riemannian manifold with  $K(V) \le
curvature-hopf	03	lectures on Curvature 2025/Sign and geometric meaning of curvature/lectures on Curvature 2025/Sign and geometric meaning of curvature.md	72	2	toward the relation  $M(W) \geq \delta$  for all real  $\delta$ . We also introduce the notions of *strict mea
curvature-hopf	03	lectures on Curvature 2025/Sign and geometric meaning of curvature/lectures on Curvature 2025/Sign and geometric meaning of curvature.md	73	3	$g$  as the dual of the differential  $df$ , i.e.  $$\langle \text{grad } f, \tau \rangle = df(\tau)$$  for al
curvature-hopf	03	lectures on Curvature 2025/Sign and geometric meaning of curvature/lectures on Curvature 2025/Sign and geometric meaning of curvature.md	74	3	grow slower than those in  $\mathfrak{R}^n$ . Namely,  $$\text{Vol } \partial B(\varepsilon) \leq \text{Vol }
curvature-hopf	03	lectures on Curvature 2025/Sign and geometric meaning of curvature/lectures on Curvature 2025/Sign and geometric meaning of curvature.md	76	2	trivial information on the geometry of  $G$  expressed by *Paul Levy's isoperimetric inequality* which general
curvature-hopf	03	lectures on Curvature 2025/Sign and geometric meaning of curvature/lectures on Curvature 2025/Sign and geometric meaning of curvature.md	78	5	Also no topological restriction on  $V$  seems to issue from the negative Ricci. One believes nowadays that ev
curvature-hopf	03	lectures on Curvature 2025/Sign and geometric meaning of curvature/lectures on Curvature 2025/Sign and geometric meaning of curvature.md	80	2	$T(S^{n-1})$  for  $S^{n-1}$  identified with  $S(V, \varepsilon)$ . Then we invoke the basic tube formula  $$
curvature-hopf	03	lectures on Curvature 2025/Sign and geometric meaning of curvature/lectures on Curvature 2025/Sign and geometric meaning of curvature.md	86	3	variation of Area is clearly zero and the second is non-negative. In particular  $$\frac{d^2 \text{ Area } W}{
curvature-hopf	03	lectures on Curvature 2025/Sign and geometric meaning of curvature/lectures on Curvature 2025/Sign and geometric meaning of curvature.md	87	5	$\geq 2$  admits no such metric. Furthermore, their method can be refined in order to provide non-trivial *geo
curvature-hopf	03	lectures on Curvature 2025/Sign and geometric meaning of curvature/lectures on Curvature 2025/Sign and geometric meaning of curvature.md	88	4	Next, for a Riemannian manifold  $V$ , we look at the orthonormal frame bundle  $SO(V)$ , that is the principa
curvature-hopf	03	lectures on Curvature 2025/Sign and geometric meaning of curvature/lectures on Curvature 2025/Sign and geometric meaning of curvature.md	89	2	notations by using  $\Omega^1(S_+)$  for the bundle of spinor-forms as well as for the sections of this bundle
curvature-hopf	03	lectures on Curvature 2025/Sign and geometric meaning of curvature/lectures on Curvature 2025/Sign and geometric meaning of curvature.md	93	5	### § 7. THE CURVATURE OPERATOR AND RELATED INVARIANTS.  We have mentioned in the end of § 2 that the sectiona
curvature-hopf	03	lectures on Curvature 2025/Sign and geometric meaning of curvature/lectures on Curvature 2025/Sign and geometric meaning of curvature.md	96	2	For example, we could *define* the scalar curvature of  $V$  with the Dirac operator  $D = D_+ \oplus D_-$  by
curvature-hopf	03	lectures on Curvature 2025/Sign and geometric meaning of curvature/lectures on Curvature 2025/Sign and geometric meaning of curvature.md	99	2	EXAMPLES. (a) If  $V$  is the circle  $S^1$  then every map  $f : W \rightarrow S^1$  is locally represented b
curvature-hopf	03	lectures on Curvature 2025/Sign and geometric meaning of curvature/lectures on Curvature 2025/Sign and geometric meaning of curvature.md	100	3	THE SECOND VARIATION FORMULA FOR HARMONIC MAPS. If  $f$  is a smooth harmonic map, then  $$(*) \quad \delta^2
curvature-hopf	03	lectures on Curvature 2025/Sign and geometric meaning of curvature/lectures on Curvature 2025/Sign and geometric meaning of curvature.md	101	3	**EXAMPLE.** Let  $W = S^1$ , then  $f(S^1)$  is a geodesic in  $V$  and every vector  $x \in T_v(V)$ ,  $v = 
curvature-hopf	03	lectures on Curvature 2025/Sign and geometric meaning of curvature/lectures on Curvature 2025/Sign and geometric meaning of curvature.md	103	2	over  $\mathbb{C}$  solutions  $\varphi_1, \dots, \varphi_n : W \rightarrow S = T \oplus \sqrt{-1} T$  for  $n
curvature-hopf	03	lectures on Curvature 2025/Sign and geometric meaning of curvature/lectures on Curvature 2025/Sign and geometric meaning of curvature.md	104	2	(The above integral formulae for  $- \langle \Delta \varphi, \varphi \rangle$  and  $- \langle \Delta'' \varph
curvature-hopf	03	lectures on Curvature 2025/Sign and geometric meaning of curvature/lectures on Curvature 2025/Sign and geometric meaning of curvature.md	105	2	for  $$\tilde{K}''(\varphi^2) = \tilde{K}(\varphi^2) + \sqrt{-1} < K'' \varphi, \varphi >.$$  (Notice that  $\
curvature-hopf	03	lectures on Curvature 2025/Sign and geometric meaning of curvature/lectures on Curvature 2025/Sign and geometric meaning of curvature.md	108	3	Such bubbling transforms a single map  $f : S^2 \rightarrow V$  to a finite collection of maps  $f_i : S^2 \ri
curvature-misc	02	5  great theorems. lectures 2024 /5 theorems/5  great theorems. lectures 2024 /5 theorems.md	4	2	This dimension is also defined on kernels of  $\Gamma$ -invariant elliptic (e.g. Dirac) operators  $\mathcal{D
curvature-misc	02	5  great theorems. lectures 2024 /5 theorems/5  great theorems. lectures 2024 /5 theorems.md	5	2	## 1.2 Archimedes Map, Symplectic Geometry and Complex Manifolds  Archimedes map  $A$ , that is the normal pro
curvature-misc	03	5  great theorems. lectures 2024 /Hilbert's Spherical  Designs and Petrunin Theorem (Full  article)/5  great theorems. lectures 2024 /Hilbert's Spherical  Designs and Petrunin Theorem (Full  article).md	1	2	# Curvature, Kolmogorov Diameter, Hilbert Rational Designs and Overtwisted Immersions  Misha Gromov  August 30
curvature-misc	03	5  great theorems. lectures 2024 /Hilbert's Spherical  Designs and Petrunin Theorem (Full  article)/5  great theorems. lectures 2024 /Hilbert's Spherical  Designs and Petrunin Theorem (Full  article).md	5	2	**Curvature in Spheres.** If an immersion  $X \rightarrow S^{N-1}(1)$  is normal then so is the corresponding 
curvature-misc	03	5  great theorems. lectures 2024 /Hilbert's Spherical  Designs and Petrunin Theorem (Full  article)/5  great theorems. lectures 2024 /Hilbert's Spherical  Designs and Petrunin Theorem (Full  article).md	8	3	(a) For instance let  $P^{l-1}$  be an  $(l-1)$ -dimensional manifold diffeomorphic to a product of spheres wh
curvature-misc	03	5  great theorems. lectures 2024 /Hilbert's Spherical  Designs and Petrunin Theorem (Full  article)/5  great theorems. lectures 2024 /Hilbert's Spherical  Designs and Petrunin Theorem (Full  article).md	11	2	**Questions.** Do  $\nexists Sc > 0$  manifolds satisfy the following inequality?  $$\min.curv(X^m \hookrighta
curvature-misc	03	5  great theorems. lectures 2024 /Hilbert's Spherical  Designs and Petrunin Theorem (Full  article)/5  great theorems. lectures 2024 /Hilbert's Spherical  Designs and Petrunin Theorem (Full  article).md	12	2	e.g.  $X^m = S^{m_1} \times \dots \times S^{m_l}$ ,  $m_1 + \dots + m_l = m$ ,  Then the curvatures of immersi
curvature-misc	03	5  great theorems. lectures 2024 /Hilbert's Spherical  Designs and Petrunin Theorem (Full  article)/5  great theorems. lectures 2024 /Hilbert's Spherical  Designs and Petrunin Theorem (Full  article).md	17	4	In section 3, we show how bounds on the Kolmogorov  $m$ -diameter of the space  $l_4^N$  translate to correspo
curvature-misc	03	5  great theorems. lectures 2024 /Hilbert's Spherical  Designs and Petrunin Theorem (Full  article)/5  great theorems. lectures 2024 /Hilbert's Spherical  Designs and Petrunin Theorem (Full  article).md	18	3	**2.1.B. Hilbert Connection.** In his proof of the Waring problem, Hilbert shows the existence of  $M = \binom
curvature-misc	03	5  great theorems. lectures 2024 /Hilbert's Spherical  Designs and Petrunin Theorem (Full  article)/5  great theorems. lectures 2024 /Hilbert's Spherical  Designs and Petrunin Theorem (Full  article).md	19	2	- (ii)  $D(m, N, 4) \leq 3 + \text{const}_{(ii)} \frac{m^2}{N}$  for  $N \geq m^2$ ;<sup>14</sup> - (iii)  $D(
curvature-misc	03	5  great theorems. lectures 2024 /Hilbert's Spherical  Designs and Petrunin Theorem (Full  article)/5  great theorems. lectures 2024 /Hilbert's Spherical  Designs and Petrunin Theorem (Full  article).md	21	3	### 3.D. $\delta$ -Approximation in Non-Euclidean Riemannian Manifolds.  The derivation of the  $\delta$ -appr
curvature-misc	03	5  great theorems. lectures 2024 /Hilbert's Spherical  Designs and Petrunin Theorem (Full  article)/5  great theorems. lectures 2024 /Hilbert's Spherical  Designs and Petrunin Theorem (Full  article).md	22	2	**3.1.A. Conclusion.** There is a one-to-one correspondence between  $$\text{equivariant } \mathbb{R}^m \subse
curvature-misc	03	5  great theorems. lectures 2024 /Hilbert's Spherical  Designs and Petrunin Theorem (Full  article)/5  great theorems. lectures 2024 /Hilbert's Spherical  Designs and Petrunin Theorem (Full  article).md	25	2	has  $$curv_{E_f}(X \times S^{N-m-1} \hookrightarrow B^{N-m-1}) \leq 2c \left(1 + \frac{1}{2c}\right) = (2c+1)
curvature-misc	03	5  great theorems. lectures 2024 /Hilbert's Spherical  Designs and Petrunin Theorem (Full  article)/5  great theorems. lectures 2024 /Hilbert's Spherical  Designs and Petrunin Theorem (Full  article).md	29	4	(b) It could be interesting to quantify the approximation procedure of *smooth maps by immersion in Sobolev sp
curvature-misc	03	5  great theorems. lectures 2024 /Hilbert's Spherical  Designs and Petrunin Theorem (Full  article)/5  great theorems. lectures 2024 /Hilbert's Spherical  Designs and Petrunin Theorem (Full  article).md	36	2	*Proof.* The required map for  $m = n - 1$  and coorientable  $X \subset Y$  is obtained with the obvious spli
curvature-misc	03	5  great theorems. lectures 2024 /Hilbert's Spherical  Designs and Petrunin Theorem (Full  article)/5  great theorems. lectures 2024 /Hilbert's Spherical  Designs and Petrunin Theorem (Full  article).md	37	3	which, actually, land in the boundary of this ball, where  $$\text{curv}(\mathbb{R}P^m \hookrightarrow S^{\fra
curvature-misc	03	5  great theorems. lectures 2024 /Hilbert's Spherical  Designs and Petrunin Theorem (Full  article)/5  great theorems. lectures 2024 /Hilbert's Spherical  Designs and Petrunin Theorem (Full  article).md	38	2	(An  $r \in \mathbb{R}_+$  is in the Morse spectrum of a function  $\mathcal{M} : \mathcal{F} \rightarrow \mat
curvature-misc	04	5  great theorems. lectures 2024 /Immersion with small curvatures lecture Nov 2024/5  great theorems. lectures 2024 /Immersion with small curvatures lecture Nov 2024.md	1	3	# Kolmogorov's Diameter, Hilbert's Rational Designs and Curvature  Misha Gromov  November 11, 2024  ## Content
curvature-misc	04	5  great theorems. lectures 2024 /Immersion with small curvatures lecture Nov 2024/5  great theorems. lectures 2024 /Immersion with small curvatures lecture Nov 2024.md	7	2	A *design of even degree*  $p = 2, 4, \dots$  and *cardinality*  $N$  on the sphere  $S^{m-1}$  is a map from 
curvature-misc	04	5  great theorems. lectures 2024 /Immersion with small curvatures lecture Nov 2024/5  great theorems. lectures 2024 /Immersion with small curvatures lecture Nov 2024.md	8	2	### 3 Equivariant Immersions $\mathbb{R}^m \rightarrow S^{2N-1}$  #### 3.A. Curvatures of the Clifford Tori.  
curvature-misc	04	5  great theorems. lectures 2024 /Immersion with small curvatures lecture Nov 2024/5  great theorems. lectures 2024 /Immersion with small curvatures lecture Nov 2024.md	9	3	where  $$m_s = (2s + m - 1) \frac{s + m - 2}{s!(m - 1)!} < 2^{s+m} \text{ and } R_s = R_s(m) = \sqrt{\frac{s(s
curvature-misc	04	5  great theorems. lectures 2024 /Immersion with small curvatures lecture Nov 2024/5  great theorems. lectures 2024 /Immersion with small curvatures lecture Nov 2024.md	11	2	this bound is *weaker than the optimal one*  $\frac{\|y\|_4^2}{\|y\|^2} \geq \sqrt{3 - \frac{3}{m+2}} + \varep
curvature-misc	05	5  great theorems. lectures 2024 /petrunin tori/5  great theorems. lectures 2024 /petrunin tori.md	1	2	# Gromov's torii are optimal  Anton Petrunin  ## Abstract  We give an optimal bound on normal curvatures of im
curvature-misc	06	lectures on Curvature 2025/-Gromov- scalar curvarture formulas /lectures on Curvature 2025/-Gromov- scalar curvarture formulas .md	9	2	$$(\star) \quad = \frac{1}{\varphi^2} Sc(h) - 2(n-1) \frac{\varphi''}{\varphi} - (n-1)(n-2) \left( \frac{\varp
curvature-misc	07	lectures on Curvature 2025/Expanding-Oct-13-2022-part 1/lectures on Curvature 2025/Expanding-Oct-13-2022-part 1.md	1	3	# Curvature, Expansion, Kolmogorov-Hilbert Diameter and Overtwisted Immersions I  Misha Gromov  October 13, 20
curvature-misc	07	lectures on Curvature 2025/Expanding-Oct-13-2022-part 1/lectures on Curvature 2025/Expanding-Oct-13-2022-part 1.md	3	2	$$\text{Cl} : X = S^{m_1}(r_1) \times \dots \times S^{m_l}(r_l) \rightarrow S^{N-1}(1) \subset B^N(1) \subset 
curvature-misc	07	lectures on Curvature 2025/Expanding-Oct-13-2022-part 1/lectures on Curvature 2025/Expanding-Oct-13-2022-part 1.md	6	3	for all  $\varepsilon > 0$ .  But this is *unclear* for  $\varepsilon = 0$ , even for the product  $S^1 \times
curvature-misc	07	lectures on Curvature 2025/Expanding-Oct-13-2022-part 1/lectures on Curvature 2025/Expanding-Oct-13-2022-part 1.md	8	2	Similarly the normal exponential map for the Clifford torus  $\mathbb{T}^2 \subset B^4(1)$  leads to such maps
curvature-misc	07	lectures on Curvature 2025/Expanding-Oct-13-2022-part 1/lectures on Curvature 2025/Expanding-Oct-13-2022-part 1.md	9	2	Do the curvatures of 2-tori in the unit ball satisfy  $curv(\mathbb{T}^2 \hookrightarrow B^3(1)) \geq 3$ ?  **
curvature-misc	07	lectures on Curvature 2025/Expanding-Oct-13-2022-part 1/lectures on Curvature 2025/Expanding-Oct-13-2022-part 1.md	10	2	with curvatures  $curv_f(\mathbb{T}^m) \leq 100m^\beta$ ? (We shall see in section ??? that  $\beta \leq \frac
curvature-misc	07	lectures on Curvature 2025/Expanding-Oct-13-2022-part 1/lectures on Curvature 2025/Expanding-Oct-13-2022-part 1.md	13	2	( $\circ_r$ ) the hypersurface  $X_{[2r-r]}$  is  $C^{1,1}$ -smooth with the curvature, i.e. with the norm of 
curvature-misc	07	lectures on Curvature 2025/Expanding-Oct-13-2022-part 1/lectures on Curvature 2025/Expanding-Oct-13-2022-part 1.md	14	3	Also Gilles pointed out to me on the criticality of dimensions  $\sim \sqrt{n}$  (example 3.1 in [FLM1977]) an
curvature-misc	07	lectures on Curvature 2025/Expanding-Oct-13-2022-part 1/lectures on Curvature 2025/Expanding-Oct-13-2022-part 1.md	15	2	**D(m, N)-Stabilization:**  $D(m, N, p) = D(m, \infty, p)$  for all sufficiently large  $N \geq N_{Hilb}(m, p)
curvature-misc	07	lectures on Curvature 2025/Expanding-Oct-13-2022-part 1/lectures on Curvature 2025/Expanding-Oct-13-2022-part 1.md	17	3	with the relative curvature  $curv_{\mathbf{E}}^{\mathbf{e}}(f^{\odot})$  (for the Euclidean metrics  $\mathbf
curvature-misc	07	lectures on Curvature 2025/Expanding-Oct-13-2022-part 1/lectures on Curvature 2025/Expanding-Oct-13-2022-part 1.md	18	2	where, if all  $r_i = \frac{1}{\sqrt{N}}$ , this reduces to  $(\star)$  for  $$\sqrt{\sum_i \frac{x_i^4}{r_i^2
curvature-misc	07	lectures on Curvature 2025/Expanding-Oct-13-2022-part 1/lectures on Curvature 2025/Expanding-Oct-13-2022-part 1.md	21	2	has  $$curv_{E_f}(X \times S^{N-m-1} \hookrightarrow B^{N-m-1}) \leq 2c \left(1 + \frac{1}{2c}\right) = (2c+1)
curvature-misc	07	lectures on Curvature 2025/Expanding-Oct-13-2022-part 1/lectures on Curvature 2025/Expanding-Oct-13-2022-part 1.md	25	4	(b) It could be interesting to quantify the approximation procedure of *smooth maps by immersion in Sobolev sp
curvature-misc	07	lectures on Curvature 2025/Expanding-Oct-13-2022-part 1/lectures on Curvature 2025/Expanding-Oct-13-2022-part 1.md	31	4	( $\circ_d$ ) if  $$-1 \leq \text{sect.curv}(Y) \leq 1$$  and  $d = \text{width}(Y) \leq 1$ , then  $Y$  cont
curvature-misc	07	lectures on Curvature 2025/Expanding-Oct-13-2022-part 1/lectures on Curvature 2025/Expanding-Oct-13-2022-part 1.md	32	2	But when it comes to  $m \leq n - 3$  nothing of the kind seems to be true, where the apparent difficulty stem
curvature-misc	08	lectures on Curvature 2025/Formulas\&Di_erential Operators./lectures on Curvature 2025/Formulas\&Di_erential Operators..md	3	3	opposite to those satisfied under assumption(s)  $\mathcal{A}$ .  ### 1.1.1 Spin Manifolds, Dirac Operators $\
curvature-misc	08	lectures on Curvature 2025/Formulas\&Di_erential Operators./lectures on Curvature 2025/Formulas\&Di_erential Operators..md	4	2	### 1.1.2 Inductive Descent with Minimal Hypersurfaces and Conformal Metrics  [II] Another class of solutions
curvature-misc	08	lectures on Curvature 2025/Formulas\&Di_erential Operators./lectures on Curvature 2025/Formulas\&Di_erential Operators..md	5	3	in [Kazdan-Warner(conformal)],<sup>7</sup> by a simple (for those who knows how to do this kind of things) com
curvature-misc	08	lectures on Curvature 2025/Formulas\&Di_erential Operators./lectures on Curvature 2025/Formulas\&Di_erential Operators..md	8	2	$X$  can be exhausted by compact domains with smooth boundaries,  $$V_1 \subset V_2 \subset \dots \subset V_i
curvature-misc	08	lectures on Curvature 2025/Formulas\&Di_erential Operators./lectures on Curvature 2025/Formulas\&Di_erential Operators..md	9	3	Given a Riemannian metric  $g$  on a product manifold  $X = X_0 \times \mathbb{T}^k$ , a consecutive symmetriz
curvature-misc	08	lectures on Curvature 2025/Formulas\&Di_erential Operators./lectures on Curvature 2025/Formulas\&Di_erential Operators..md	17	2	(b) If  $h$  is the (flat) Euclidean metric on  $\mathbb{R}^{n-1}$  and  $\varphi = \exp t$ , then  $$Sc(g) =
curvature-misc	08	lectures on Curvature 2025/Formulas\&Di_erential Operators./lectures on Curvature 2025/Formulas\&Di_erential Operators..md	18	2	### 2.4.1 Higher Warped Products  Let  $Y$  and  $S$  be Riemannian manifolds with the metrics denoted  $dy^2$
curvature-misc	08	lectures on Curvature 2025/Formulas\&Di_erential Operators./lectures on Curvature 2025/Formulas\&Di_erential Operators..md	19	3	Show that the scalar curvature of this metric, which, being  $\mathbb{R}^N$ -invariant, is regarded as a funct
curvature-misc	08	lectures on Curvature 2025/Formulas\&Di_erential Operators./lectures on Curvature 2025/Formulas\&Di_erential Operators..md	22	2	$$Sc\left(f^{\frac{4}{n-2}}g_0\right) = \gamma_n^{-1}L(f)f^{-\frac{n+2}{n-2}} = \gamma_n^{-1}f^{\frac{2n}{n-2}
curvature-misc	08	lectures on Curvature 2025/Formulas\&Di_erential Operators./lectures on Curvature 2025/Formulas\&Di_erential Operators..md	24	2	If  $n \leq 7$ , then all integer homology classes  $h \in H_{n-1}(X)$  are representable by compact oriented 
curvature-misc	08	lectures on Curvature 2025/Formulas\&Di_erential Operators./lectures on Curvature 2025/Formulas\&Di_erential Operators..md	25	2	If  $n = 8$ , these singularities were proven to be unstable by Nathan Smale; this improves  $n \leq 7$  to  $
curvature-misc	08	lectures on Curvature 2025/Formulas\&Di_erential Operators./lectures on Curvature 2025/Formulas\&Di_erential Operators..md	26	3	## 2.8 Warped $\mathbb{T}^*$ -Stabilization and Sc-Normalization  Many geometric properties of Riemannian mani
curvature-misc	08	lectures on Curvature 2025/Formulas\&Di_erential Operators./lectures on Curvature 2025/Formulas\&Di_erential Operators..md	28	2	*Proof.* Proceed by induction on codimension  $i = 1, 2, \dots, N$  and construct submanifolds  $$X \supset Y_
curvature-misc	08	lectures on Curvature 2025/Formulas\&Di_erential Operators./lectures on Curvature 2025/Formulas\&Di_erential Operators..md	33	3	The following (obvious) corollary to the non-vanishing theorem will be used for construction of stable symmetr
curvature-misc	08	lectures on Curvature 2025/Formulas\&Di_erential Operators./lectures on Curvature 2025/Formulas\&Di_erential Operators..md	34	3	$SL(k)$  is infinite cyclic and if  $k \geq 3$  this group is cyclic of order 2. In both cases,  $F$  comes wi
curvature-misc	08	lectures on Curvature 2025/Formulas\&Di_erential Operators./lectures on Curvature 2025/Formulas\&Di_erential Operators..md	35	4	imply that  there are smooth *closed simply connected* manifolds  $X$  of all dimensions  $n = 4k$ ,  $k = 1,
curvature-misc	08	lectures on Curvature 2025/Formulas\&Di_erential Operators./lectures on Curvature 2025/Formulas\&Di_erential Operators..md	37	4	$X$  admits no metric  $g$  with  $Sc(g) > 0$ .  (We shall describe the status of this problem together with t
curvature-misc	08	lectures on Curvature 2025/Formulas\&Di_erential Operators./lectures on Curvature 2025/Formulas\&Di_erential Operators..md	38	2	Indeed, such an  $E$  defines a *globally* expanding homeomorphism, call it  $\hat{E}$ , from  $X$  onto a fin
curvature-misc	08	lectures on Curvature 2025/Formulas\&Di_erential Operators./lectures on Curvature 2025/Formulas\&Di_erential Operators..md	40	2	If the fibration  $L$  carries a fiber-wise geometric structure  $\mathcal{S}$ , say, **linear**, **affine**, 
curvature-misc	08	lectures on Curvature 2025/Formulas\&Di_erential Operators./lectures on Curvature 2025/Formulas\&Di_erential Operators..md	42	4	The correction term  $\Delta_\varepsilon^\circ$  in this formula is a first order differential (it depends on 
curvature-misc	08	lectures on Curvature 2025/Formulas\&Di_erential Operators./lectures on Curvature 2025/Formulas\&Di_erential Operators..md	44	3	$\circ$  the linear maps  $h : T_x(\mathbb{R}^n) \rightarrow \mathbb{R}^m$  have  $\text{rank}(h) = n$  for al
curvature-misc	08	lectures on Curvature 2025/Formulas\&Di_erential Operators./lectures on Curvature 2025/Formulas\&Di_erential Operators..md	46	2	Indeed, since  $\|v_1 - v_2\|^2 = \|v_1 + v_2\|^2$  for orthogonal vectors, bilinearity of the Clifford produc
curvature-misc	08	lectures on Curvature 2025/Formulas\&Di_erential Operators./lectures on Curvature 2025/Formulas\&Di_erential Operators..md	47	5	the algebra homomorphism from the *real group algebra*  $\mathbb{R}(G_n)^{90}$  to  $Cl_n$  associated with th
curvature-misc	08	lectures on Curvature 2025/Formulas\&Di_erential Operators./lectures on Curvature 2025/Formulas\&Di_erential Operators..md	48	2	$c \in G_n$ , i.e.  $\psi(g) = \psi(cg)$  and where the functions  $\psi \in \Psi_n^-$  are *antisymmetric*,  
curvature-misc	08	lectures on Curvature 2025/Formulas\&Di_erential Operators./lectures on Curvature 2025/Formulas\&Di_erential Operators..md	49	3	**VI. Clifford Conclusion.** Since the Clifford algebra  $Cl_n$  is, as an algebra, generated by  $G_n \subset
curvature-misc	08	lectures on Curvature 2025/Formulas\&Di_erential Operators./lectures on Curvature 2025/Formulas\&Di_erential Operators..md	55	4	where  $R_{\mathcal{S}}(e_i \wedge e_j)$  is the curvature of the bundle  $\mathcal{S}_{2k}$  written as a 2-f
curvature-misc	08	lectures on Curvature 2025/Formulas\&Di_erential Operators./lectures on Curvature 2025/Formulas\&Di_erential Operators..md	58	3	Lichnerowicz is 99% about *delicate smooth topological invariants* of manifolds with  $Sc > 0$ , while [☆] rev
curvature-misc	08	lectures on Curvature 2025/Formulas\&Di_erential Operators./lectures on Curvature 2025/Formulas\&Di_erential Operators..md	60	3	Another way to compare the metrics is by using the *trace of  $\underline{g}$  relative to  $g$* , denoted  $$
curvature-misc	08	lectures on Curvature 2025/Formulas\&Di_erential Operators./lectures on Curvature 2025/Formulas\&Di_erential Operators..md	61	2	Let  $g^\circ = Sc(g) \cdot g$  and  $\underline{g}^\circ = Sc(\underline{g}) \cdot \underline{g}$  be the cor
curvature-misc	08	lectures on Curvature 2025/Formulas\&Di_erential Operators./lectures on Curvature 2025/Formulas\&Di_erential Operators..md	64	4	$1^\infty$  infinite dimensional manifolds  $X^\infty$  with  $Sc(X^\infty) \geq Sc(S^\infty)$ ;  $2^\infty$
curvature-misc	08	lectures on Curvature 2025/Formulas\&Di_erential Operators./lectures on Curvature 2025/Formulas\&Di_erential Operators..md	65	3	But the true picture is more interesting than this "ideal". Here is what one can say in this regard.  (A) If
curvature-misc	08	lectures on Curvature 2025/Formulas\&Di_erential Operators./lectures on Curvature 2025/Formulas\&Di_erential Operators..md	66	3	This  $X$  admits an obvious (infinite dimensional) family of diffeomorphisms  $f : X \rightarrow \underline{X
curvature-misc	08	lectures on Curvature 2025/Formulas\&Di_erential Operators./lectures on Curvature 2025/Formulas\&Di_erential Operators..md	68	2	family of flat complex line bundles  $L_p$  over the torus parametrized by the dual (*Picard*) torus  and thus
curvature-misc	08	lectures on Curvature 2025/Formulas\&Di_erential Operators./lectures on Curvature 2025/Formulas\&Di_erential Operators..md	70	4	(c<sub>2</sub>) Directly define "deg(f)" and prove (c) with the parametric index theorem.  (d) *Families of No
curvature-misc	08	lectures on Curvature 2025/Formulas\&Di_erential Operators./lectures on Curvature 2025/Formulas\&Di_erential Operators..md	74	2	(b) *curvature operators with norms  $\leq \varepsilon$ .*  Now, suppose that (★) follows with the Dirac  $\ma
curvature-misc	08	lectures on Curvature 2025/Formulas\&Di_erential Operators./lectures on Curvature 2025/Formulas\&Di_erential Operators..md	75	2	this (complex unitary line) bundle  $\underline{L} \rightarrow X$  is:  $$curv(\underline{L}) = \frac{1}{2} \s
curvature-misc	08	lectures on Curvature 2025/Formulas\&Di_erential Operators./lectures on Curvature 2025/Formulas\&Di_erential Operators..md	81	2	On the other hand minimal hypersurfaces were used in [GL(complete)1983] for obtaining rough bounds for non-com
curvature-misc	08	lectures on Curvature 2025/Formulas\&Di_erential Operators./lectures on Curvature 2025/Formulas\&Di_erential Operators..md	82	2	**$\frac{2\pi}{n}$ -Inequality.** Let  $X$  be a proper compact Riemannian bands  $X$  of dimension  $n$  with
curvature-misc	08	lectures on Curvature 2025/Formulas\&Di_erential Operators./lectures on Curvature 2025/Formulas\&Di_erential Operators..md	83	2	$width(X) \geq 2\pi\sqrt{\frac{(n-1)}{n\sigma}}$ , then a certain *stable*  $\mu$ -bubble  $Y_{st} \subset X$ 
curvature-misc	08	lectures on Curvature 2025/Formulas\&Di_erential Operators./lectures on Curvature 2025/Formulas\&Di_erential Operators..md	89	3	where minimization and  $\mathbb{T}^\times$ -stabilization (essentially) apply to non-singular parts of these 
curvature-misc	08	lectures on Curvature 2025/Formulas\&Di_erential Operators./lectures on Curvature 2025/Formulas\&Di_erential Operators..md	92	2	**Problem.** Given a closed smooth  $n$ -manifold  $X$  and a number  $N > n$ , evaluate the minimum of the cu
curvature-misc	08	lectures on Curvature 2025/Formulas\&Di_erential Operators./lectures on Curvature 2025/Formulas\&Di_erential Operators..md	96	2	Here, observe, it is as it should be: no contradiction with the above 4, for  $$1 - \frac{1}{n} \leq 2 - \frac
curvature-misc	08	lectures on Curvature 2025/Formulas\&Di_erential Operators./lectures on Curvature 2025/Formulas\&Di_erential Operators..md	97	4	Fortunately, there are now two Dirac theoretic proofs for a large class of  $\nexists$ -PSC manifolds of all d
curvature-misc	08	lectures on Curvature 2025/Formulas\&Di_erential Operators./lectures on Curvature 2025/Formulas\&Di_erential Operators..md	99	2	*Remark.* (a) The conclusion of the theorem, probably, holds if  $\text{sect.curv}(Y_-) \geq 1$  and  $\text{s
curvature-misc	09	lectures on Curvature 2025/PETRUNIN VERONESE /lectures on Curvature 2025/PETRUNIN VERONESE .md	1	3	# Veronese minimizes normal curvatures  Anton Petrunin  ## Abstract  Suppose  $M$  is a closed submanifold in
curvature-misc	09	lectures on Curvature 2025/PETRUNIN VERONESE /lectures on Curvature 2025/PETRUNIN VERONESE .md	4	2	**Claim.** *Let  $M$  be a closed submanifold in  $\mathbb{R}^d$ . Suppose that every geodesic in  $M$  is a p
curvature-misc	09	lectures on Curvature 2025/PETRUNIN VERONESE /lectures on Curvature 2025/PETRUNIN VERONESE .md	5	2	I suspect that the answer to the previous question is *yes*. If  $M$  lies on the boundary of the  $r$ -ball, 
curvature-misc	10	lectures on Curvature 2025/Petrunin Tori/lectures on Curvature 2025/Petrunin Tori.md	1	2	# Gromov's tori are optimal  Anton Petrunin  ## Abstract  We give an optimal bound on normal curvatures of imm
curvature-misc	11	lectures on Curvature 2025/Scalar formulas NY lectures Nov2025/lectures on Curvature 2025/Scalar formulas NY lectures Nov2025.md	6	2	Then the hypersurfaces  $Y_t = Y \times \{t\} \subset X$  are umbilic with the principal curvatures of  $Y_t$ 
curvature-misc	11	lectures on Curvature 2025/Scalar formulas NY lectures Nov2025/lectures on Curvature 2025/Scalar formulas NY lectures Nov2025.md	7	2	$n$  as  $X$ , let  $Y' = \partial X'$  be its boundary sphere, let, let  $Sc(h) > 0$  and let the mean and th
curvature-misc	11	lectures on Curvature 2025/Scalar formulas NY lectures Nov2025/lectures on Curvature 2025/Scalar formulas NY lectures Nov2025.md	8	3	For instance, if the  $L = -\Delta + \frac{1}{2}Sc$  on  $Y$  is strictly positive, that is the lowest eigenva
curvature-misc	11	lectures on Curvature 2025/Scalar formulas NY lectures Nov2025/lectures on Curvature 2025/Scalar formulas NY lectures Nov2025.md	11	3	## 1.6 Conformal Laplacian and the Scalar Curvature of Conformally and non-Conformally Scaled Riemannian Metri
curvature-misc	11	lectures on Curvature 2025/Scalar formulas NY lectures Nov2025/lectures on Curvature 2025/Scalar formulas NY lectures Nov2025.md	13	3	for minimal  $Y$  in manifolds  $X$  with  $Sc(X) > 0$ .  For example, Burago and Toponogov, come close to the
curvature-misc	11	lectures on Curvature 2025/Scalar formulas NY lectures Nov2025/lectures on Curvature 2025/Scalar formulas NY lectures Nov2025.md	15	5	*Idea of the Proof.* Assume without loss of generality that  $\omega$  serves as the curvature form of a compl
curvature-misc	11	lectures on Curvature 2025/Scalar formulas NY lectures Nov2025/lectures on Curvature 2025/Scalar formulas NY lectures Nov2025.md	16	2	(b) (Weakened)  $\mathbb{T}^*$ -Stable 2d Bonnet-Myers Diameter Inequality. If  $Sc(g^*) \geq \sigma$ , then  
curvature-misc	11	lectures on Curvature 2025/Scalar formulas NY lectures Nov2025/lectures on Curvature 2025/Scalar formulas NY lectures Nov2025.md	18	3	Then, at the second step, let  $Y_2 \subset Y_1$  be a hypersurface, such that  $Y_2 \times \mathbb{T}^1 \subs
curvature-misc	11	lectures on Curvature 2025/Scalar formulas NY lectures Nov2025/lectures on Curvature 2025/Scalar formulas NY lectures Nov2025.md	21	2	Indeed, absolute values  $|f|(x)$  are Lipschitz for Lipschitz  $f$ , hence, they are almost everywhere differ
curvature-misc	11	lectures on Curvature 2025/Scalar formulas NY lectures Nov2025/lectures on Curvature 2025/Scalar formulas NY lectures Nov2025.md	22	2	Hence, the difference  $f(x) - e(x)$  assumes minimum at an interior point  $x = x_{y,C} \in U_0$ , such that 
curvature-misc	11	lectures on Curvature 2025/Scalar formulas NY lectures Nov2025/lectures on Curvature 2025/Scalar formulas NY lectures Nov2025.md	23	2	that, consequently, volume minimizing hypersurfaces must be invariant under symmetries of  $X$ .<sup>36</sup> 
curvature-misc	12	lectures on Curvature 2025/curvature-immersion- NY Oct2-2025/lectures on Curvature 2025/curvature-immersion- NY Oct2-2025.md	1	2	# Lectures on Immersions with Controlled Curvatures  Misha Gromov  October 2, 2025  **Historical Preamble:** [
curvature-misc	12	lectures on Curvature 2025/curvature-immersion- NY Oct2-2025/lectures on Curvature 2025/curvature-immersion- NY Oct2-2025.md	4	2	![](_page_3_Picture_18.jpeg)  curvature  $$\text{curv}^\perp(S^1 \xrightarrow{f} \mathbb{R}^2) \leq 2.$$  If t
curvature-misc	12	lectures on Curvature 2025/curvature-immersion- NY Oct2-2025/lectures on Curvature 2025/curvature-immersion- NY Oct2-2025.md	8	2	(f) Let  $r$  be the normal projection from the 3-space to the line  $\mathbb{R} = \mathbb{R}_r$  in space def
curvature-misc	12	lectures on Curvature 2025/curvature-immersion- NY Oct2-2025/lectures on Curvature 2025/curvature-immersion- NY Oct2-2025.md	30	3	*On the Error Term in the Bow Inequality.* One can sharpen the bow inequality (at least the circular one for  
curvature-misc	12	lectures on Curvature 2025/curvature-immersion- NY Oct2-2025/lectures on Curvature 2025/curvature-immersion- NY Oct2-2025.md	31	2	$[\overline{a(s_1), a(s_2)}] \subset A$  and let  $$\alpha_{s_2}[\overline{s_1 s_2}] = \angle(a'(s_2), \text{g
curvature-misc	12	lectures on Curvature 2025/curvature-immersion- NY Oct2-2025/lectures on Curvature 2025/curvature-immersion- NY Oct2-2025.md	35	3	*Exercise.* Show that (domains in) spheres are the only smooth submanifolds in  $\mathbb{R}^N$ , where curves 
curvature-misc	12	lectures on Curvature 2025/curvature-immersion- NY Oct2-2025/lectures on Curvature 2025/curvature-immersion- NY Oct2-2025.md	37	2	*Remark.* The above applies to  $X$  which satisfy a *point-wise version* of the inequality  $\text{rad}_+^\pe
curvature-misc	12	lectures on Curvature 2025/curvature-immersion- NY Oct2-2025/lectures on Curvature 2025/curvature-immersion- NY Oct2-2025.md	40	4	(a) Let  $X_o \hookrightarrow \mathbb{R}^k \subset \mathbb{R}^{N+k}$  be a smooth closed immersed submanifold 
curvature-misc	12	lectures on Curvature 2025/curvature-immersion- NY Oct2-2025/lectures on Curvature 2025/curvature-immersion- NY Oct2-2025.md	41	2	where  $\text{tis } \mathbb{R}^{M_m}$  is represented by the space  $\mathcal{Q} = \mathcal{Q}(\mathbb{R}^{m+1
curvature-misc	12	lectures on Curvature 2025/curvature-immersion- NY Oct2-2025/lectures on Curvature 2025/curvature-immersion- NY Oct2-2025.md	43	2	where equivariance is understood with respect to a certain unitary representation of the isometry group of  $\
curvature-misc	12	lectures on Curvature 2025/curvature-immersion- NY Oct2-2025/lectures on Curvature 2025/curvature-immersion- NY Oct2-2025.md	46	2	homomorphism, (which is a locally isometric immersion) from the Euclidean  $n$ -space to the Clifford  $N$ -to
curvature-misc	12	lectures on Curvature 2025/curvature-immersion- NY Oct2-2025/lectures on Curvature 2025/curvature-immersion- NY Oct2-2025.md	47	2	For instance, the scalar curvature of the  $n$ -th power of the unit 2-sphere is  $$Sc(\underbrace{S^2 \times
curvature-misc	12	lectures on Curvature 2025/curvature-immersion- NY Oct2-2025/lectures on Curvature 2025/curvature-immersion- NY Oct2-2025.md	52	2	Thus, the above inequalities [A] and [B] concerning immersions of  $n$ -manifolds  $X$  to the unit sphere  $S
curvature-misc	12	lectures on Curvature 2025/curvature-immersion- NY Oct2-2025/lectures on Curvature 2025/curvature-immersion- NY Oct2-2025.md	57	2	for all  $\beta \geq 0$ , but  $\beta = 1/4$  is essential for the  $\frac{2\pi}{\sqrt{Sc^*}}$ -inequality bel
curvature-misc	12	lectures on Curvature 2025/curvature-immersion- NY Oct2-2025/lectures on Curvature 2025/curvature-immersion- NY Oct2-2025.md	60	3	To see that, let  $\psi : X \rightarrow \mathbb{R}$  be a Morse function and let  $Z = \psi^{-1}(r_0) \subset 
curvature-misc	12	lectures on Curvature 2025/curvature-immersion- NY Oct2-2025/lectures on Curvature 2025/curvature-immersion- NY Oct2-2025.md	63	3	## 17 References  [A-C-C-D-D-L-O-P 2008] T. Zachary Abel David Charlton Sébastien Collette Erik D. Demaine Mar
curvature-misc	13	lectures on Curvature 2025/donaldson/lectures on Curvature 2025/donaldson.md	2	5	systems. One may want to fix this choice of representation, usually by choosing  $A$  to satisfy the Coulomb g
curvature-misc	13	lectures on Curvature 2025/donaldson/lectures on Curvature 2025/donaldson.md	3	4	Clearly  $YM(A)$  is non-negative and vanishes if and only if the connection is flat: it is broadly analogous 
curvature-misc	13	lectures on Curvature 2025/donaldson/lectures on Curvature 2025/donaldson.md	4	6	delta functions. There is a detailed analogy with the theory of the harmonic maps energy functional, where the
curvature-misc	13	lectures on Curvature 2025/donaldson/lectures on Curvature 2025/donaldson.md	5	4	- (2) The topology of the moduli space  $\mathcal{M}_k$  of instantons; - (3) The existence and indices of oth
curvature-misc	13	lectures on Curvature 2025/donaldson/lectures on Curvature 2025/donaldson.md	6	5	### 2.5 Higher dimensions.  While the scope for variational methods in Yang-Mills theory in higher dimensions
curvature-misc	13	lectures on Curvature 2025/donaldson/lectures on Curvature 2025/donaldson.md	7	4	4-manifold, glued to the trivial flat connection over the remainder of the manifold. These kind of techniques 
curvature-misc	13	lectures on Curvature 2025/donaldson/lectures on Curvature 2025/donaldson.md	8	4	twistor theory.  ### 3.2 The ADHM construction.  The problem of describing all solutions to the Yang-Mills ins
curvature-misc	13	lectures on Curvature 2025/donaldson/lectures on Curvature 2025/donaldson.md	9	5	### 3.4 Moment maps: the Kobayashi-Hitchin conjecture.  Let  $\Sigma$  be a compact Riemann surface. The Jacob
curvature-misc	13	lectures on Curvature 2025/donaldson/lectures on Curvature 2025/donaldson.md	10	3	of Laplace type for a metric on  $E$ . The moment map picture of Atiyah and Bott also extends to this higher d
curvature-misc	13	lectures on Curvature 2025/donaldson/lectures on Curvature 2025/donaldson.md	11	4	rank by Earl and Kirwan [28]. Knowing that  $R_\Sigma$  maps on to  $H^*(M)$ , a full set of relations can (by
curvature-misc	13	lectures on Curvature 2025/donaldson/lectures on Curvature 2025/donaldson.md	12	2	the early 1980's, involved the Yang-Mills instantons. The main issue in 4-manifold theory at that time was the
curvature-misc	13	lectures on Curvature 2025/donaldson/lectures on Curvature 2025/donaldson.md	13	9	where  $R_M$  is a graded ring freely generated by the homology (below the top dimension) of the 4-manifold  $
curvature-misc	13	lectures on Curvature 2025/donaldson/lectures on Curvature 2025/donaldson.md	14	6	This is *a priori* a formal power series in  $H^2(M)$  but *a posteriori* the series converges and can be rega
curvature-misc	13	lectures on Curvature 2025/donaldson/lectures on Curvature 2025/donaldson.md	15	6	generated by the set  $Z$  and a map  $\partial : C_* \rightarrow C_*$  defined by  $$\partial(\langle \rho_-
curvature-misc	13	lectures on Curvature 2025/donaldson/lectures on Curvature 2025/donaldson.md	16	6	3-manifolds. Witten's idea [70] is that these invariants of closed 3-manifolds are Feynmann integrals  $$\int_
curvature-misc	13	lectures on Curvature 2025/donaldson/lectures on Curvature 2025/donaldson.md	17	5	the complex line bundle  $\Lambda^2 S^+$ . This gives a connection on  $S^+$  and hence a Dirac operator  $$D_
curvature-misc	13	lectures on Curvature 2025/donaldson/lectures on Curvature 2025/donaldson.md	18	6	### 4.7 Applications.  Regardless of the connection with the instanton theory, one can go ahead directly to ap
curvature-misc	13	lectures on Curvature 2025/donaldson/lectures on Curvature 2025/donaldson.md	19	2	REFERENCES  1. 1. S. Akbulut and J. McCarthy, *Casson's invariant for homology 3-spheres*, Princton U.P., 1990
curvature-misc	13	lectures on Curvature 2025/donaldson/lectures on Curvature 2025/donaldson.md	20	3	1. 33. N. J. Hitchin, *The self-duality equations over Riemann surfaces*, Proc. London Math. Soc. **55**, 59-1
curvature-misc	14	lectures on Curvature 2025/lecture NY oct 7 225/lectures on Curvature 2025/lecture NY oct 7 225.md	6	2	(b) If  $h$  is the (flat) Euclidean metric on  $\mathbb{R}^{n-1}$  and  $\varphi = \exp t$ , then  $$Sc(g) =
curvature-misc	14	lectures on Curvature 2025/lecture NY oct 7 225/lectures on Curvature 2025/lecture NY oct 7 225.md	7	2	### 0.3.1 Higher Warped Products  Let  $Y$  and  $S$  be Riemannian manifolds with the metrics denoted  $dy^2$
curvature-misc	14	lectures on Curvature 2025/lecture NY oct 7 225/lectures on Curvature 2025/lecture NY oct 7 225.md	8	3	Show that the scalar curvature of this metric, which, being  $\mathbb{R}^N$ -invariant, is regarded as a funct
curvature-misc	14	lectures on Curvature 2025/lecture NY oct 7 225/lectures on Curvature 2025/lecture NY oct 7 225.md	10	2	*Justification of the  $\|d\psi\|^2$  Term.* Let  $X = Y \times \mathbb{R}$  with the product metric and let  
curvature-misc	14	lectures on Curvature 2025/lecture NY oct 7 225/lectures on Curvature 2025/lecture NY oct 7 225.md	11	2	$$Sc\left(f^{\frac{4}{n-2}}g_0\right) = \gamma_n^{-1}L(f)f^{-\frac{n+2}{n-2}} = \gamma_n^{-1}f^{\frac{2n}{n-2} 
curvature-scalar	01	lectures on Curvature 2025/Scalar-Jul-8-2021/lectures on Curvature 2025/Scalar-Jul-8-2021.md	2	2	at hand, rather than referring to earlier sections in the text. Everything needed for understanding a statemen
curvature-scalar	01	lectures on Curvature 2025/Scalar-Jul-8-2021/lectures on Curvature 2025/Scalar-Jul-8-2021.md	3	4	| 3.1.2  | MC-Normalization of Hypersurfaces with Positive Mean Curvatures and $Sc$ -Normalized Convex Area Ex
curvature-scalar	01	lectures on Curvature 2025/Scalar-Jul-8-2021/lectures on Curvature 2025/Scalar-Jul-8-2021.md	10	2	Conversely, one knows that  ( $\star$ ) *compact Kähler manifolds with  $Sc > 0$  are uniruled.*  In fact, thi
curvature-scalar	01	lectures on Curvature 2025/Scalar-Jul-8-2021/lectures on Curvature 2025/Scalar-Jul-8-2021.md	11	2	$T_\delta$  with the Riemannian metric induced from  $X_+$  has large positive scalar curvature  $\delta$ -awa
curvature-scalar	01	lectures on Curvature 2025/Scalar-Jul-8-2021/lectures on Curvature 2025/Scalar-Jul-8-2021.md	16	2	For instance, if  $X$  is connected orientable of dimension  $n = 3$ , then it is either diffeomorphic to a ha
curvature-scalar	01	lectures on Curvature 2025/Scalar-Jul-8-2021/lectures on Curvature 2025/Scalar-Jul-8-2021.md	17	2	(Recall that  $n(n-1)$  is the scalar curvature of the unit sphere  $S^n$ .)  (b) For all  $\varepsilon > 0$ ,
curvature-scalar	01	lectures on Curvature 2025/Scalar-Jul-8-2021/lectures on Curvature 2025/Scalar-Jul-8-2021.md	18	2	*Proof.* Given a smooth map  $f : X \rightarrow \mathbb{T}^n$ , let  $\tilde{f} : \tilde{X} \rightarrow \mathb
curvature-scalar	01	lectures on Curvature 2025/Scalar-Jul-8-2021/lectures on Curvature 2025/Scalar-Jul-8-2021.md	21	3	### 1.6.1 Spin Manifolds, Dirac Operators $\mathcal{D}$ , Atiyah-Singer Index Theorem and S-L-W-(B) Formula  [
curvature-scalar	01	lectures on Curvature 2025/Scalar-Jul-8-2021/lectures on Curvature 2025/Scalar-Jul-8-2021.md	22	2	### 1.6.2 Inductive Descent with Minimal Hypersurfaces and Conformal Metrics  [II] Another class of solutions
curvature-scalar	01	lectures on Curvature 2025/Scalar-Jul-8-2021/lectures on Curvature 2025/Scalar-Jul-8-2021.md	23	3	this kind of things) computation.<sup>40</sup>  Consecutively applied implication  $Sc(X, g) > 0 \Rightarrow S
curvature-scalar	01	lectures on Curvature 2025/Scalar-Jul-8-2021/lectures on Curvature 2025/Scalar-Jul-8-2021.md	26	2	### 1.6.5 Warped FCS-Symmetrization of Stable Minimal Hypersurfaces and $\mu$ -Bubbles.  Positivity of the con
curvature-scalar	01	lectures on Curvature 2025/Scalar-Jul-8-2021/lectures on Curvature 2025/Scalar-Jul-8-2021.md	34	2	## 2.4 Umbilic Hypersurfaces and Warped Product Metrics  A hypersurface  $Y \subset X$  is called *umbilic* if
curvature-scalar	01	lectures on Curvature 2025/Scalar-Jul-8-2021/lectures on Curvature 2025/Scalar-Jul-8-2021.md	36	3	where  $m = \dim(S)$  and  $\Delta = \sum \nabla_{i,i}$  is the Laplace on  $Y$ .  To prove this, apply the ab
curvature-scalar	01	lectures on Curvature 2025/Scalar-Jul-8-2021/lectures on Curvature 2025/Scalar-Jul-8-2021.md	42	2	★ $\mathbb{T}^n$  **Mapping to the Torus Corollary.** If a closed orientable  $n$ -manifold  $X$  admits a map
curvature-scalar	01	lectures on Curvature 2025/Scalar-Jul-8-2021/lectures on Curvature 2025/Scalar-Jul-8-2021.md	43	3	state of knowledge, lie beyond the range of the minimal surface techniques. Here is an instance of this.  **$
curvature-scalar	01	lectures on Curvature 2025/Scalar-Jul-8-2021/lectures on Curvature 2025/Scalar-Jul-8-2021.md	44	3	*Surface Examples.* Let  $X = (X, g)$  be a closed surface and  $g^*$  be a  $\mathbb{T}^N$ -invariant metric 
curvature-scalar	01	lectures on Curvature 2025/Scalar-Jul-8-2021/lectures on Curvature 2025/Scalar-Jul-8-2021.md	46	3	for the Laplace  $\Delta = \Delta_{h_1}$  on  $Y_1$  with the metric  $h_1$  induced from  $X$  and let  $\psi
curvature-scalar	01	lectures on Curvature 2025/Scalar-Jul-8-2021/lectures on Curvature 2025/Scalar-Jul-8-2021.md	54	3	there exists a point  $v' \in \partial V$ , such that  $$\bullet'_{>0} \quad \|df(v')\| \geq \frac{\text{mean.
curvature-scalar	01	lectures on Curvature 2025/Scalar-Jul-8-2021/lectures on Curvature 2025/Scalar-Jul-8-2021.md	55	3	(ii) the volume of  $\partial V_i$  is bounded in terms of the volume of the part of  $\partial V$  outside  $
curvature-scalar	01	lectures on Curvature 2025/Scalar-Jul-8-2021/lectures on Curvature 2025/Scalar-Jul-8-2021.md	56	3	as fundamental domains  $\Delta$  of reflection groups  $\Gamma$ , that act on the corresponding orbi-covering
curvature-scalar	01	lectures on Curvature 2025/Scalar-Jul-8-2021/lectures on Curvature 2025/Scalar-Jul-8-2021.md	58	2	### 3.1.2 MC-Normalization of Hypersurfaces with Positive Mean Curvatures and $Sc$ -Normalized Convex Area Ext
curvature-scalar	01	lectures on Curvature 2025/Scalar-Jul-8-2021/lectures on Curvature 2025/Scalar-Jul-8-2021.md	62	2	sufficiently small  $\varepsilon = \|g - g_\varepsilon\|_{C^0}$ .  Indeed let the boundary  $\partial V$  of a
curvature-scalar	01	lectures on Curvature 2025/Scalar-Jul-8-2021/lectures on Curvature 2025/Scalar-Jul-8-2021.md	64	4	*Motivating Example.* If  $g_\varepsilon = (1 \pm \varepsilon)^2 g_0$ , then  $\|g_\varepsilon - g_0\| = 2\var
curvature-scalar	01	lectures on Curvature 2025/Scalar-Jul-8-2021/lectures on Curvature 2025/Scalar-Jul-8-2021.md	65	4	principal spin bundle  $\tilde{S}O \rightarrow X$  for the double covering representing the spin structure on 
curvature-scalar	01	lectures on Curvature 2025/Scalar-Jul-8-2021/lectures on Curvature 2025/Scalar-Jul-8-2021.md	66	3	Conversely,  if  $X$  is a *simply connected* manifold of *dimension*  $n \geq 5$ , and if  $\hat{\alpha}(X)
curvature-scalar	01	lectures on Curvature 2025/Scalar-Jul-8-2021/lectures on Curvature 2025/Scalar-Jul-8-2021.md	68	4	The following definition gives you a fair idea of what kind of properties these are.  *Profinite Hyperspherici
curvature-scalar	01	lectures on Curvature 2025/Scalar-Jul-8-2021/lectures on Curvature 2025/Scalar-Jul-8-2021.md	70	3	### 3.3.1 Recollection on Linear Connections and Twisted Differential Operators  A connection in a smooth fibr
curvature-scalar	01	lectures on Curvature 2025/Scalar-Jul-8-2021/lectures on Curvature 2025/Scalar-Jul-8-2021.md	74	2	$y \in Y$ , denoted  $\Sigma_{x,y} \subset \text{Hom}(T_x \rightarrow T_y)$ , where  $T_x = \mathbb{R}^n$ ,  $
curvature-scalar	01	lectures on Curvature 2025/Scalar-Jul-8-2021/lectures on Curvature 2025/Scalar-Jul-8-2021.md	77	4	for an orthonormal frame  $\{e_i\} \subset V$ ,  $i = 1, \dots, n$ ,  on the one hand, imply  $v_1 \cdot v_2 +
curvature-scalar	01	lectures on Curvature 2025/Scalar-Jul-8-2021/lectures on Curvature 2025/Scalar-Jul-8-2021.md	78	3	are written as *lexicographically ordered products* of  $e_i$  and (if it is there)  $c$ . Here are a few rele
curvature-scalar	01	lectures on Curvature 2025/Scalar-Jul-8-2021/lectures on Curvature 2025/Scalar-Jul-8-2021.md	79	2	the sum of the squares of the dimensions of the irreducible representations of  $G$  is equal to the order of 
curvature-scalar	01	lectures on Curvature 2025/Scalar-Jul-8-2021/lectures on Curvature 2025/Scalar-Jul-8-2021.md	82	2	To achieve this, we start, somewhat paradoxically, with a (somewhat artificial) embedding  $Cl_{n-1} \rightarr
curvature-scalar	01	lectures on Curvature 2025/Scalar-Jul-8-2021/lectures on Curvature 2025/Scalar-Jul-8-2021.md	86	4	(The presence of " $\frac{1}{2}$ " agrees with the idea of the bundle  $\mathcal{S}_{2k}$  being a "the square
curvature-scalar	01	lectures on Curvature 2025/Scalar-Jul-8-2021/lectures on Curvature 2025/Scalar-Jul-8-2021.md	90	3	In the case, where two Riemannian metrics are defined on the same background manifold, say  $g$  and  $\underl
curvature-scalar	01	lectures on Curvature 2025/Scalar-Jul-8-2021/lectures on Curvature 2025/Scalar-Jul-8-2021.md	94	3	on  $X = X \times s$  parametrized by  $S^1$ .<sup>169</sup>  *Exercise.* Fill in the details in (1) and (2). 
curvature-scalar	01	lectures on Curvature 2025/Scalar-Jul-8-2021/lectures on Curvature 2025/Scalar-Jul-8-2021.md	95	3	**Area Rigidity Problem: Examples and Counter Examples.** Given a smooth convex hypersurface  $\underline{X} \
curvature-scalar	01	lectures on Curvature 2025/Scalar-Jul-8-2021/lectures on Curvature 2025/Scalar-Jul-8-2021.md	96	3	(D) Let  $C \subset \mathbb{R}^{n+1}$  a smooth convex cone and let  $\underline{X} \subset C$  be a smooth cl
curvature-scalar	01	lectures on Curvature 2025/Scalar-Jul-8-2021/lectures on Curvature 2025/Scalar-Jul-8-2021.md	97	2	Then there exists a point  $x \in X$ , where the the trace-norm of the second exterior power of the differenti
curvature-scalar	01	lectures on Curvature 2025/Scalar-Jul-8-2021/lectures on Curvature 2025/Scalar-Jul-8-2021.md	100	3	To see this, reduce (c) to (b) as follows.  Let  $\underline{\mathcal{X}}^\perp \rightarrow P$  be the complem
curvature-scalar	01	lectures on Curvature 2025/Scalar-Jul-8-2021/lectures on Curvature 2025/Scalar-Jul-8-2021.md	104	3	3.4.1 the trace form of the area inequality allows an automatic reduction  $n = 2m - 1 \rightsquigarrow n = 2m
curvature-scalar	01	lectures on Curvature 2025/Scalar-Jul-8-2021/lectures on Curvature 2025/Scalar-Jul-8-2021.md	110	2	admits a smooth map  $f$  with non-zero degree to the boundary of the  $R$ -ball in the hyperbolic  $n$ -space
curvature-scalar	01	lectures on Curvature 2025/Scalar-Jul-8-2021/lectures on Curvature 2025/Scalar-Jul-8-2021.md	112	2	(warped product) metric on the product  $Y \times \mathbb{T}^1$  of the form  $dy^2 + \phi(y)^2 dt^2$  has  $S
curvature-scalar	01	lectures on Curvature 2025/Scalar-Jul-8-2021/lectures on Curvature 2025/Scalar-Jul-8-2021.md	114	2	domain  $X_1 \subset X$ , which contains  $X_0$  and the boundary  $\partial X_1$  of which (assumed smooth) a
curvature-scalar	01	lectures on Curvature 2025/Scalar-Jul-8-2021/lectures on Curvature 2025/Scalar-Jul-8-2021.md	115	2	**|||  $\mu$ -Bubble Separation Theorem.** Let  $X$  be an  $n$ -dimensional, Riemannian band, possibly non-co
curvature-scalar	01	lectures on Curvature 2025/Scalar-Jul-8-2021/lectures on Curvature 2025/Scalar-Jul-8-2021.md	119	3	or the cone split, i.e.  $C = C_{-1} \times \mathbb{R}^1$  for a minimal cone  $C_{-1} \subset \mathbb{R}^{n-1
curvature-scalar	01	lectures on Curvature 2025/Scalar-Jul-8-2021/lectures on Curvature 2025/Scalar-Jul-8-2021.md	122	2	(b) **Area non-Contraction in Codimension 3.** Let  $X$ ,  $\underline{X}$  and  $f : X \rightarrow \underline
curvature-scalar	01	lectures on Curvature 2025/Scalar-Jul-8-2021/lectures on Curvature 2025/Scalar-Jul-8-2021.md	126	2	with the Veronese surface being the extremal one.  B. Also conjecturally,  $[\circ \times \circ]_?$  the ineq
curvature-scalar	01	lectures on Curvature 2025/Scalar-Jul-8-2021/lectures on Curvature 2025/Scalar-Jul-8-2021.md	127	3	**E. Conjecture + Theorem.** If  $X = X^n$  is  $\nexists$ -PSC, then **conjecturally** all immersions  $f : X
curvature-scalar	01	lectures on Curvature 2025/Scalar-Jul-8-2021/lectures on Curvature 2025/Scalar-Jul-8-2021.md	129	2	and observe that the  $\partial_{\mp}$ -boundaries of this  $Y_-$  are *concave* for  $\kappa \geq 1$  and  $d
curvature-scalar	01	lectures on Curvature 2025/Scalar-Jul-8-2021/lectures on Curvature 2025/Scalar-Jul-8-2021.md	135	2	(i) the map  $\hat{\Phi}$  sends a (non-compact if  $X$  is non-compact) homology class from the *rational*  $
curvature-scalar	01	lectures on Curvature 2025/Scalar-Jul-8-2021/lectures on Curvature 2025/Scalar-Jul-8-2021.md	142	2	**Example.** If  $X$  has bounded geometry,<sup>226</sup> e.g.  $X$  is a covering of a compact locally contra
curvature-scalar	01	lectures on Curvature 2025/Scalar-Jul-8-2021/lectures on Curvature 2025/Scalar-Jul-8-2021.md	143	2	**Theorem (J).** *If a compact orientable 3-manifold  $X$  contains an aspherical summand in its prime decompo
curvature-scalar	01	lectures on Curvature 2025/Scalar-Jul-8-2021/lectures on Curvature 2025/Scalar-Jul-8-2021.md	144	4	of Wang's theorem below) that such surfaces don't exist in 3-manifolds with  $Sc > 0$ .  **Remarks, Examples a
curvature-scalar	01	lectures on Curvature 2025/Scalar-Jul-8-2021/lectures on Curvature 2025/Scalar-Jul-8-2021.md	145	3	$$\int_{\Sigma} Sc(X, \sigma) d\sigma \leq 2\pi\chi(\Sigma).$$  Hence  the Whitehead manifold admits no comple
curvature-scalar	01	lectures on Curvature 2025/Scalar-Jul-8-2021/lectures on Curvature 2025/Scalar-Jul-8-2021.md	146	2	**Attaching Cylinders to Stable Hypersurfaces.** Let  $X = (X, g)$  be a complete, e.g. compact, Riemannian ma
curvature-scalar	01	lectures on Curvature 2025/Scalar-Jul-8-2021/lectures on Curvature 2025/Scalar-Jul-8-2021.md	148	3	by  $$\text{dist}(w, \varphi(Y)) \leq D(\text{dist}(v, Y)),$$  where  $D(d)$  is a continuous function that de
curvature-scalar	01	lectures on Curvature 2025/Scalar-Jul-8-2021/lectures on Curvature 2025/Scalar-Jul-8-2021.md	150	3	Next, by lemma (C) from the previous section, there exists closed curves  $S \subset X$  with arbitrary large 
curvature-scalar	01	lectures on Curvature 2025/Scalar-Jul-8-2021/lectures on Curvature 2025/Scalar-Jul-8-2021.md	151	2	with filling radii  $fillrad(\Sigma, X) \geq \rho$ , for all  $\rho > 0$ , i.e. non-homologous to zero in thei
curvature-scalar	01	lectures on Curvature 2025/Scalar-Jul-8-2021/lectures on Curvature 2025/Scalar-Jul-8-2021.md	152	2	and where  $D = D_X = D_{X,k}$  is the iterated contractibility control function for  $l$ -dimensional subpoly
curvature-scalar	01	lectures on Curvature 2025/Scalar-Jul-8-2021/lectures on Curvature 2025/Scalar-Jul-8-2021.md	153	3	there exist complete orientable Riemannian manifolds  $X'$  with  $Sc(X') \geq \sigma > 0$  and quasi-proper (
curvature-scalar	01	lectures on Curvature 2025/Scalar-Jul-8-2021/lectures on Curvature 2025/Scalar-Jul-8-2021.md	159	3	and such that  $$Sc(X, x) \geq \sigma(x)?$$  **B. Fill-in Problem for  $Sc \geq \sigma$ .** Let  $Y = (Y, h)$
curvature-scalar	01	lectures on Curvature 2025/Scalar-Jul-8-2021/lectures on Curvature 2025/Scalar-Jul-8-2021.md	161	2	becomes arbitrarily large for large  $\nu$ ,  $$Sc(g_\nu) \geq \sigma = \sigma(h_t, \nu) \rightarrow \infty \t
curvature-scalar	01	lectures on Curvature 2025/Scalar-Jul-8-2021/lectures on Curvature 2025/Scalar-Jul-8-2021.md	163	4	if a compact Riemannian manifold  $X$  with a boundary has  $Sc \geq n(n-1)$ , and if the mean curvature  $mea
curvature-scalar	01	lectures on Curvature 2025/Scalar-Jul-8-2021/lectures on Curvature 2025/Scalar-Jul-8-2021.md	164	5	This is proven by extending  $g$  from a small neighbourhood of  $Y$  in  $X$  to a complete asymptotically fl
curvature-scalar	01	lectures on Curvature 2025/Scalar-Jul-8-2021/lectures on Curvature 2025/Scalar-Jul-8-2021.md	165	2	When does there exist a Riemannin metric  $g$  on  $X$ , such that  $Sc(X) \geq \sigma$ , the induced metrics 
curvature-scalar	01	lectures on Curvature 2025/Scalar-Jul-8-2021/lectures on Curvature 2025/Scalar-Jul-8-2021.md	168	2	*Exercise.* Show that the universal covering  $\tilde{X}$  of the  $n$ -torus  $X$  with an arbitrary Riemanni
curvature-scalar	01	lectures on Curvature 2025/Scalar-Jul-8-2021/lectures on Curvature 2025/Scalar-Jul-8-2021.md	169	5	*About the Proof.* The original argument in [Min-Oo(hyperbolic) 1989], which generalizes Dirac-theoretic Witte
curvature-scalar	01	lectures on Curvature 2025/Scalar-Jul-8-2021/lectures on Curvature 2025/Scalar-Jul-8-2021.md	170	2	such that the numbers  $N_i$  of *simplices* in the triangulations of  $X_i^\Delta$  and the degrees  $\deg(f_
curvature-scalar	01	lectures on Curvature 2025/Scalar-Jul-8-2021/lectures on Curvature 2025/Scalar-Jul-8-2021.md	171	4	unlike  $\|X\|_\Delta$  defined with *manifolds*, rather than with *pseudomanifolds* mapped to  $X$ , this is 
curvature-scalar	01	lectures on Curvature 2025/Scalar-Jul-8-2021/lectures on Curvature 2025/Scalar-Jul-8-2021.md	172	2	Originally, in 1966, Novikov proved this, by an elaborated surgery argument, for the torus  $\underline{X} = \
curvature-scalar	01	lectures on Curvature 2025/Scalar-Jul-8-2021/lectures on Curvature 2025/Scalar-Jul-8-2021.md	178	4	connection preserving isomorphism between  $L$  and  $|L|$  outside a compact subset in  $X$ .  *f\*-Example.*
curvature-scalar	01	lectures on Curvature 2025/Scalar-Jul-8-2021/lectures on Curvature 2025/Scalar-Jul-8-2021.md	179	4	#### 4.1.5, 4.2.  *Zhang's Extension of the Relative Index Theorem with Applications to maps*  $X \rightarrow
curvature-scalar	01	lectures on Curvature 2025/Scalar-Jul-8-2021/lectures on Curvature 2025/Scalar-Jul-8-2021.md	180	2	Nowadays  $\Leftarrow$  can be proved with the techniques of minimal hypersurfaces and of stable  $\mu$ -bubbl
curvature-scalar	01	lectures on Curvature 2025/Scalar-Jul-8-2021/lectures on Curvature 2025/Scalar-Jul-8-2021.md	182	2	bundle  $T(\mathcal{L})$  is assumed *spin*<sup>276</sup> and where the existence of almost harmonic spinor is
curvature-scalar	01	lectures on Curvature 2025/Scalar-Jul-8-2021/lectures on Curvature 2025/Scalar-Jul-8-2021.md	184	2	$X$ ,  $$\int_X Sc(X, x)^2 dx \geq 32\pi^2 c_2(X),$$  where, moreover this inequality is sharp.  Although one
curvature-scalar	01	lectures on Curvature 2025/Scalar-Jul-8-2021/lectures on Curvature 2025/Scalar-Jul-8-2021.md	188	3	• if  $x_0$  lies in the interior of a codimension 1 face  $F_i \subset X$  then the mean curvature of  $mean.
curvature-scalar	01	lectures on Curvature 2025/Scalar-Jul-8-2021/lectures on Curvature 2025/Scalar-Jul-8-2021.md	189	3	Two motivating examples, where this problems was solved, is the *rigidity of flat metrics on closed manifolds*
curvature-scalar	01	lectures on Curvature 2025/Scalar-Jul-8-2021/lectures on Curvature 2025/Scalar-Jul-8-2021.md	190	5	that  $\underline{X}$  is the product of simplices with dihedral angles  $\leq \frac{\pi}{2}$ , such as the  $
curvature-scalar	01	lectures on Curvature 2025/Scalar-Jul-8-2021/lectures on Curvature 2025/Scalar-Jul-8-2021.md	191	2	general case needs an intervention of arguments from [G(inequalities) 2018], where the (non-spin) case  $n \ge
curvature-scalar	01	lectures on Curvature 2025/Scalar-Jul-8-2021/lectures on Curvature 2025/Scalar-Jul-8-2021.md	192	4	the proof follows by a construction and analysis of suitable  $\mu$ -bubble (capillary surfaces) pinched betwe
curvature-scalar	01	lectures on Curvature 2025/Scalar-Jul-8-2021/lectures on Curvature 2025/Scalar-Jul-8-2021.md	194	2	$\mu_{i,k} = -\infty$ , unless  $k = 0$ , i.e.  $\dim(X_i) = \dim(X_k) - 1 = n - 1$  and  $\alpha_{ijk} = 2\pi
curvature-scalar	01	lectures on Curvature 2025/Scalar-Jul-8-2021/lectures on Curvature 2025/Scalar-Jul-8-2021.md	195	2	boundary of a domain  $Q_> \subset X$  with corners  $$Q = \partial Q_> = \bigcup_{i=1,2,\dots} Q_i$$  where a
curvature-scalar	01	lectures on Curvature 2025/Scalar-Jul-8-2021/lectures on Curvature 2025/Scalar-Jul-8-2021.md	196	2	Also "hyperbolically looking" manifolds  $\tilde{X}$  of dimensions  $\geq 4$ , e.g. the universal coverings o
curvature-scalar	01	lectures on Curvature 2025/Scalar-Jul-8-2021/lectures on Curvature 2025/Scalar-Jul-8-2021.md	198	2	where the images of the connected components of  $\hat{Q}$  serve as the  $(n-1)$ -faces  $Q_i$  of  $Q$ ;  -
curvature-scalar	01	lectures on Curvature 2025/Scalar-Jul-8-2021/lectures on Curvature 2025/Scalar-Jul-8-2021.md	199	3	The simplest way to do it is by consecutively minimizing  $g'$ -volumes of  $Q_1$  with free boundary  $\parti
curvature-scalar	01	lectures on Curvature 2025/Scalar-Jul-8-2021/lectures on Curvature 2025/Scalar-Jul-8-2021.md	202	2	For instance, the balls in  $\mathbb{R}^n$  are "isoperimetrically extremal": they are the *only* Euclidean do
curvature-scalar	01	lectures on Curvature 2025/Scalar-Jul-8-2021/lectures on Curvature 2025/Scalar-Jul-8-2021.md	203	3	More interestingly, the argument indicated in section 3.1.3 can be used to show<sup>301</sup> that  if the set
curvature-scalar	01	lectures on Curvature 2025/Scalar-Jul-8-2021/lectures on Curvature 2025/Scalar-Jul-8-2021.md	206	2	Recall that the *twisted* Dirac operator, denoted  $$\mathcal{D}_{\otimes L} : C^\infty(\mathbb{S} \otimes L)
curvature-scalar	01	lectures on Curvature 2025/Scalar-Jul-8-2021/lectures on Curvature 2025/Scalar-Jul-8-2021.md	209	3	which can be (trivially) obtained with a use of the inverse exponential maps  $$\exp_{\underline{x}}^{-1} : \t
curvature-scalar	01	lectures on Curvature 2025/Scalar-Jul-8-2021/lectures on Curvature 2025/Scalar-Jul-8-2021.md	211	3	$\mathfrak{O}_\varepsilon$ , where the most transparent case is that of spaces  $\underline{X}$  which come wi
curvature-scalar	01	lectures on Curvature 2025/Scalar-Jul-8-2021/lectures on Curvature 2025/Scalar-Jul-8-2021.md	212	4	complete simply connected polyhedral space with  $\kappa(X) \leq 0$ .  Since  $\mathfrak{O}_\varepsilon \mathf
curvature-scalar	01	lectures on Curvature 2025/Scalar-Jul-8-2021/lectures on Curvature 2025/Scalar-Jul-8-2021.md	213	2	"area", of a Riemannian manifold  $X$ , where this "area" is associated with curvatures of vector bundles over
curvature-scalar	01	lectures on Curvature 2025/Scalar-Jul-8-2021/lectures on Curvature 2025/Scalar-Jul-8-2021.md	215	6	$$|curv|(h) = \max(|curv| \|(\mathcal{L}_1), |curv|(\mathcal{L}_2))$$  and let  $$|curv|(\mathbf{h}) = \inf |c
curvature-scalar	01	lectures on Curvature 2025/Scalar-Jul-8-2021/lectures on Curvature 2025/Scalar-Jul-8-2021.md	216	2	Notice, that *conjecturally*, a similar inequality also holds for the *ordinary 2-waist*, (see [Guth(waist) 20
curvature-scalar	01	lectures on Curvature 2025/Scalar-Jul-8-2021/lectures on Curvature 2025/Scalar-Jul-8-2021.md	222	3	at all  $x \in X$ , where  $\|\wedge^2 df(x)\|$  stands for the sup-norm with respect to the metrics  $g$  and
curvature-scalar	01	lectures on Curvature 2025/Scalar-Jul-8-2021/lectures on Curvature 2025/Scalar-Jul-8-2021.md	226	3	then one and can prove this without the spin assumption by the by a capillary version of the (iterated) warped
curvature-scalar	01	lectures on Curvature 2025/Scalar-Jul-8-2021/lectures on Curvature 2025/Scalar-Jul-8-2021.md	228	6	*The proof of the lemma* is a high school exercise while *construction of adequate smoothing of  $X$*  with th
curvature-scalar	01	lectures on Curvature 2025/Scalar-Jul-8-2021/lectures on Curvature 2025/Scalar-Jul-8-2021.md	229	4	**B. Isoperimetric Stability.** Let  $X \subset \mathbb{R}^n$  be a bounded domain with  $\text{vol}_n(X) = \t
curvature-scalar	01	lectures on Curvature 2025/Scalar-Jul-8-2021/lectures on Curvature 2025/Scalar-Jul-8-2021.md	230	3	(where the  $\varepsilon$ -sphere  $S^{n-1}(\varepsilon)$  serves as  $\partial_\varepsilon$  and  $S^n \# S^n
curvature-scalar	01	lectures on Curvature 2025/Scalar-Jul-8-2021/lectures on Curvature 2025/Scalar-Jul-8-2021.md	233	3	In other words, when does  $X$  support a smooth *non-zero* twisted spinor  $s : X \rightarrow \mathbb{S}(X) \
curvature-scalar	01	lectures on Curvature 2025/Scalar-Jul-8-2021/lectures on Curvature 2025/Scalar-Jul-8-2021.md	247	6	on  $n$ -manifolds  $\hat{X}$  that *dominate* (the fundamental homology class of)  $X$ , i.e. admits maps  $f
curvature-scalar	01	lectures on Curvature 2025/Scalar-Jul-8-2021/lectures on Curvature 2025/Scalar-Jul-8-2021.md	248	3	manifold with a complete metric with *positive* scalar curvature, then  $X$  admits *no domination* by a manif
curvature-scalar	01	lectures on Curvature 2025/Scalar-Jul-8-2021/lectures on Curvature 2025/Scalar-Jul-8-2021.md	249	3	In this in mind, one asks another question.  **B. Suppose, an even dimensional compact spin submanifold  $X$
curvature-scalar	01	lectures on Curvature 2025/Scalar-Jul-8-2021/lectures on Curvature 2025/Scalar-Jul-8-2021.md	250	3	**Example 5:** *Obstruction on  $Sc > 0$  of Complete Metrics for Manifolds with Infinite relative  $K$ -areas
curvature-scalar	01	lectures on Curvature 2025/Scalar-Jul-8-2021/lectures on Curvature 2025/Scalar-Jul-8-2021.md	252	2	a complete metric with  $Sc > 0$ .  **Codimension one Optimistic Reduction Conjecture 10<sub>⊚</sub>.** Let  $
curvature-scalar	01	lectures on Curvature 2025/Scalar-Jul-8-2021/lectures on Curvature 2025/Scalar-Jul-8-2021.md	255	3	Let us agree that the mean curvature of  $\partial_-$  is evaluated with the incoming normal field and  $\text
curvature-scalar	01	lectures on Curvature 2025/Scalar-Jul-8-2021/lectures on Curvature 2025/Scalar-Jul-8-2021.md	257	3	Assume without loss of generality that the pullbacks  $Y_\mp = f^{-1}(\mp \frac{\pi}{n}) \subset X$  are smoot
curvature-scalar	01	lectures on Curvature 2025/Scalar-Jul-8-2021/lectures on Curvature 2025/Scalar-Jul-8-2021.md	258	2	*Hint.* Since the bands between the concentric spheres of radii  $r$  and  $r + R$ , call them  $X(r, r + R) =
curvature-scalar	01	lectures on Curvature 2025/Scalar-Jul-8-2021/lectures on Curvature 2025/Scalar-Jul-8-2021.md	259	2	On the other hand, this kind of reasoning rules out complete metrics with  $Sc > 0$  everywhere on many manifo
curvature-scalar	01	lectures on Curvature 2025/Scalar-Jul-8-2021/lectures on Curvature 2025/Scalar-Jul-8-2021.md	262	3	• 2 More generally, the product homology class  $h \otimes [X] \in H^{n+m}(P \times X)$ ,  $m = \dim(X)$ , whe
curvature-scalar	01	lectures on Curvature 2025/Scalar-Jul-8-2021/lectures on Curvature 2025/Scalar-Jul-8-2021.md	263	3	(It seems, there are interesting examples in the spirit of SYS-spaces from section 2.7 where one needs to allo
curvature-scalar	01	lectures on Curvature 2025/Scalar-Jul-8-2021/lectures on Curvature 2025/Scalar-Jul-8-2021.md	264	5	$k$  ends are isometric to the cylinders  $\varepsilon V_i \times [\infty)$ , where  $\varepsilon V$  stands f
curvature-scalar	01	lectures on Curvature 2025/Scalar-Jul-8-2021/lectures on Curvature 2025/Scalar-Jul-8-2021.md	265	3	$g_\sim$  and let  $$Sc_\sim^{\max}(h) = \frac{1}{(\lambda_\sim^{\min})^2}.$$  And if  $P$  is a *piecewise sm
curvature-scalar	01	lectures on Curvature 2025/Scalar-Jul-8-2021/lectures on Curvature 2025/Scalar-Jul-8-2021.md	266	5	where the essential feature of  $\phi$   (implicitly) used for this purpose was *log-concavity of  $\phi$* :  
curvature-scalar	01	lectures on Curvature 2025/Scalar-Jul-8-2021/lectures on Curvature 2025/Scalar-Jul-8-2021.md	268	2	If besides  $\bullet_{df_{[a,b]}}$  and  $\bullet_{\mu}$ ,  $$\|\wedge^2 df\| \leq 1, \text{ e.g. } \|df\| \le
curvature-scalar	01	lectures on Curvature 2025/Scalar-Jul-8-2021/lectures on Curvature 2025/Scalar-Jul-8-2021.md	270	3	## 5.6 On Extremality of Warped Products of Manifolds with Boundaries and with Corners  We explained in sectio
curvature-scalar	01	lectures on Curvature 2025/Scalar-Jul-8-2021/lectures on Curvature 2025/Scalar-Jul-8-2021.md	273	2	and used in [Li(comparison) 2017] for the proof of extremality of certain polyhedra.   380  In what follows w
curvature-scalar	01	lectures on Curvature 2025/Scalar-Jul-8-2021/lectures on Curvature 2025/Scalar-Jul-8-2021.md	279	2	**Spherical Suspension Inequality.** Let  $\underline{X}_0 \subset S^{n-1} \subset S^n$  be a smooth convex do
curvature-scalar	01	lectures on Curvature 2025/Scalar-Jul-8-2021/lectures on Curvature 2025/Scalar-Jul-8-2021.md	280	3	outside  $P_-$  and  $P_+$  can't be greater than that of  $S^{n-1}$ ,  $$\inf_{s \in S \setminus (P_- \cup P_
curvature-scalar	01	lectures on Curvature 2025/Scalar-Jul-8-2021/lectures on Curvature 2025/Scalar-Jul-8-2021.md	282	2	Then, assuming  $n = \dim X \leq 8$ , there exists a smooth compact hypersurface  $Y \subset X$  with boundary
curvature-scalar	01	lectures on Curvature 2025/Scalar-Jul-8-2021/lectures on Curvature 2025/Scalar-Jul-8-2021.md	285	4	*Example.* Let  $X$  be homeomorphic to  $S_\chi \times S^1$ , where  $S_\chi$  is a closed connected orientab
curvature-scalar	01	lectures on Curvature 2025/Scalar-Jul-8-2021/lectures on Curvature 2025/Scalar-Jul-8-2021.md	286	2	since no function  $\varphi > 0$  can have negative second derivative.  *Manifolds with Spines.* Let us now tu
curvature-scalar	01	lectures on Curvature 2025/Scalar-Jul-8-2021/lectures on Curvature 2025/Scalar-Jul-8-2021.md	290	3	3. **SYS-Manifolds.** The most challenging for the Dirac operator methods is Schoen-Yau's proof of non-existen
curvature-scalar	01	lectures on Curvature 2025/Scalar-Jul-8-2021/lectures on Curvature 2025/Scalar-Jul-8-2021.md	291	2	for  $\sigma = \inf_{x \in X} Sc(X, x)$ , but in fact, that  $$Rad_{S^n}(Sc(X) \cdot X) \leq \sqrt{n(n-1)} = R
curvature-scalar	01	lectures on Curvature 2025/Scalar-Jul-8-2021/lectures on Curvature 2025/Scalar-Jul-8-2021.md	293	2	2.  $\wedge^2$ -Hypersphericity of  $\tilde{X}$ . Here, never mind odd  $n$ , one uses the relative index theo
curvature-scalar	01	lectures on Curvature 2025/Scalar-Jul-8-2021/lectures on Curvature 2025/Scalar-Jul-8-2021.md	294	3	### 6.1.2 On Positivity of $-\Delta + \text{const} \cdot Sc$ , Kato's Inequality and Feynman-Kac Formula  1. *
curvature-scalar	01	lectures on Curvature 2025/Scalar-Jul-8-2021/lectures on Curvature 2025/Scalar-Jul-8-2021.md	296	3	6. *Example.* Let  $X$  be a compact orientable Riemannian  $n$ -manifold, which admits a distance (or area) d
curvature-scalar	01	lectures on Curvature 2025/Scalar-Jul-8-2021/lectures on Curvature 2025/Scalar-Jul-8-2021.md	298	2	Let  $X$  be a complete orientable spin Riemannian manifold, such that  $Sc(X) \geq 0$ . Let  $f : X \rightarr
curvature-scalar	01	lectures on Curvature 2025/Scalar-Jul-8-2021/lectures on Curvature 2025/Scalar-Jul-8-2021.md	299	4	*Problem.* Find relations between the  $K$ -cowaists<sub>2</sub> and between *max*-scalar curvatures of  $P$ ,
curvature-scalar	01	lectures on Curvature 2025/Scalar-Jul-8-2021/lectures on Curvature 2025/Scalar-Jul-8-2021.md	301	2	Namely, we add the following extra structure to  $\mathcal{S}_*$ :  (A) the action of the Dirac operator  $\ma
curvature-scalar	01	lectures on Curvature 2025/Scalar-Jul-8-2021/lectures on Curvature 2025/Scalar-Jul-8-2021.md	303	4	• I *Monodromy Invariance of  $L_S$* . The bundle  $L_S \rightarrow S$ , where  $S$  is isometric to the fiber
curvature-scalar	01	lectures on Curvature 2025/Scalar-Jul-8-2021/lectures on Curvature 2025/Scalar-Jul-8-2021.md	304	2	where  $\mathbf{1} : L \rightarrow L$  is the identity endomorphism () and  $\|\dots\|$  denotes the norm.  No
curvature-scalar	01	lectures on Curvature 2025/Scalar-Jul-8-2021/lectures on Curvature 2025/Scalar-Jul-8-2021.md	311	2	in [B](#) of section 6.3.2) will be bounded by the curvature of the connection  $\underline{\nabla}$  on  $P \
curvature-scalar	01	lectures on Curvature 2025/Scalar-Jul-8-2021/lectures on Curvature 2025/Scalar-Jul-8-2021.md	312	3	non-complete manifolds  $Q$  and  $X$  and/or manifolds in (a) and compact manifolds  $Q$  with boundaries in 
curvature-scalar	01	lectures on Curvature 2025/Scalar-Jul-8-2021/lectures on Curvature 2025/Scalar-Jul-8-2021.md	313	2	### 6.4.3 Spin Harmonic Area of Fibrations With Riemannian Symmetric Fibers  Let  $S$  be a complete Riemannia
curvature-scalar	01	lectures on Curvature 2025/Scalar-Jul-8-2021/lectures on Curvature 2025/Scalar-Jul-8-2021.md	315	2	This  $\nabla_{\mathcal{L}}^\perp$  can be (obviously but non-uniquely) extended to an actual (non-flat) conne
curvature-scalar	01	lectures on Curvature 2025/Scalar-Jul-8-2021/lectures on Curvature 2025/Scalar-Jul-8-2021.md	317	3	where the relation  $\mathcal{L}_{i-1} < \mathcal{L}_i$  signifies that  $\mathcal{L}_i$  refines  $\mathcal{L
curvature-scalar	01	lectures on Curvature 2025/Scalar-Jul-8-2021/lectures on Curvature 2025/Scalar-Jul-8-2021.md	318	2	*Principal Example.* [Con(cyclic cohomology) 1986] Let  $$G = GL(k) \text{ and } S = GL(k)/O(k)$$  and let us
curvature-scalar	01	lectures on Curvature 2025/Scalar-Jul-8-2021/lectures on Curvature 2025/Scalar-Jul-8-2021.md	320	8	*Generalizations.* Much of the above (1) - (6) applies to foliations with monodromy groups  $G$  not necessari
curvature-scalar	01	lectures on Curvature 2025/Scalar-Jul-8-2021/lectures on Curvature 2025/Scalar-Jul-8-2021.md	321	3	*Geometric Example.* Let  $(Y, g)$  be a Riemannian manifold and let  $P_Y \rightarrow Y$  be the fibration, w
curvature-scalar	01	lectures on Curvature 2025/Scalar-Jul-8-2021/lectures on Curvature 2025/Scalar-Jul-8-2021.md	322	2	**Conjecture 1** The bundle of spinors on  $P$  twisted with some tensorial power of the bundle  $F^*(L) \righ
curvature-scalar	01	lectures on Curvature 2025/Scalar-Jul-8-2021/lectures on Curvature 2025/Scalar-Jul-8-2021.md	323	2	subbundle  $T(\mathcal{L}) \subset T(X)$  and let us lift the splitting  $T(X) = T(\mathcal{L}) \oplus T^\perp
curvature-scalar	01	lectures on Curvature 2025/Scalar-Jul-8-2021/lectures on Curvature 2025/Scalar-Jul-8-2021.md	329	3	degeneration of cubes.e.g. gluing two faces of the same cube, is offset by possibility of unlimited subdivisio
curvature-scalar	01	lectures on Curvature 2025/Scalar-Jul-8-2021/lectures on Curvature 2025/Scalar-Jul-8-2021.md	330	4	Let moreover,  $D \subset \mathbb{R}_+^N$ , where the  $N$  Euclidean coordinates are associated with the face
curvature-scalar	01	lectures on Curvature 2025/Scalar-Jul-8-2021/lectures on Curvature 2025/Scalar-Jul-8-2021.md	331	2	*Proof of (b)* Assume  $X$  bounds an orientable  $(n+1)$ -manifold  $V$  (otherwise take the connected sum of
curvature-scalar	01	lectures on Curvature 2025/Scalar-Jul-8-2021/lectures on Curvature 2025/Scalar-Jul-8-2021.md	334	2	Namely,  there exist cobordisms  $W_i = W_{\alpha_i, \beta_i} = W_{U, \alpha_i, \beta_i}$ , which are pseudoma
curvature-scalar	01	lectures on Curvature 2025/Scalar-Jul-8-2021/lectures on Curvature 2025/Scalar-Jul-8-2021.md	335	4	*Conjecturally,* the basic properties of minimal subvarieties of all codimensions extend to these spaces, wher
curvature-scalar	01	lectures on Curvature 2025/Scalar-Jul-8-2021/lectures on Curvature 2025/Scalar-Jul-8-2021.md	336	3	based on small, say of radii  $\frac{\varepsilon}{10}$ , spheres in  $X_1$  and  $X_2$  around  $x_1$  and  $x
curvature-scalar	01	lectures on Curvature 2025/Scalar-Jul-8-2021/lectures on Curvature 2025/Scalar-Jul-8-2021.md	342	5	(i) there exists a proper (boundary to boundary) 1-Lipschitz map of odd degree<sup>439</sup>  $X' \rightarrow 
curvature-scalar	01	lectures on Curvature 2025/Scalar-Jul-8-2021/lectures on Curvature 2025/Scalar-Jul-8-2021.md	343	3	is increasing under (globally) *non-one-to-one* locally expanding maps between solids. (This monotonicity may 
curvature-scalar	01	lectures on Curvature 2025/Scalar-Jul-8-2021/lectures on Curvature 2025/Scalar-Jul-8-2021.md	344	4	of  $\partial_{side}$  over  $\Theta = \partial S$  are related to the multi-spread  $\tilde{\square}$  of the
curvature-scalar	01	lectures on Curvature 2025/Scalar-Jul-8-2021/lectures on Curvature 2025/Scalar-Jul-8-2021.md	345	2	then the map  $f$  can't be (globally) Lipschitz.  Moreover,  there exist sequences of points  $x_i, y_i \in X
curvature-scalar	01	lectures on Curvature 2025/Scalar-Jul-8-2021/lectures on Curvature 2025/Scalar-Jul-8-2021.md	348	3	(Probably, there are similar bounds for the waists of these manifolds:  $$\frac{1}{\text{const}_n} \prod_{k=1}
curvature-scalar	01	lectures on Curvature 2025/Scalar-Jul-8-2021/lectures on Curvature 2025/Scalar-Jul-8-2021.md	351	2	Equivalently,  $\Psi$  defines a function on  $H_*(\mathcal{F})$ , call it  $$\Psi_* : H_*(\mathcal{F}) \right
curvature-scalar	01	lectures on Curvature 2025/Scalar-Jul-8-2021/lectures on Curvature 2025/Scalar-Jul-8-2021.md	354	2	*Exercise.* Extend all  $5d$ -results from section 3.10.3 to  $(5 + m - 1)$ -manifolds  $X$ , which admit maps
curvature-scalar	01	lectures on Curvature 2025/Scalar-Jul-8-2021/lectures on Curvature 2025/Scalar-Jul-8-2021.md	355	2	[Atiyah(global) 1969] M. F. Atiyah. Global theory of elliptic s. InProc. of the Int. Symposium onFunctional An
curvature-scalar	01	lectures on Curvature 2025/Scalar-Jul-8-2021/lectures on Curvature 2025/Scalar-Jul-8-2021.md	356	2	[Be-Be-Ma-Ma(deforming 3-manifolds) 2017] Laurent Bessières (IMB), Gérard Besson (IF), Sylvain Maillot (IMAG),
curvature-scalar	01	lectures on Curvature 2025/Scalar-Jul-8-2021/lectures on Curvature 2025/Scalar-Jul-8-2021.md	357	2	[Bu-Hu-Sey( $C^0$  symplectic) 2020] L. Buhovsky, V. Humilière, S. Seyfaddini, The action spectrum and  $C^0$ 
curvature-scalar	01	lectures on Curvature 2025/Scalar-Jul-8-2021/lectures on Curvature 2025/Scalar-Jul-8-2021.md	358	2	[Connes(survey of foliations) 1983] A. Connes *A survey of foliations and algebras*.  [Conww.alainconnes.org/d
curvature-scalar	01	lectures on Curvature 2025/Scalar-Jul-8-2021/lectures on Curvature 2025/Scalar-Jul-8-2021.md	359	2	[Ebert-Williams(infinite loop spaces) 2017] Johannes Ebert, Oscar Randal-Williams, *Infinite loop spaces and p
curvature-scalar	01	lectures on Curvature 2025/Scalar-Jul-8-2021/lectures on Curvature 2025/Scalar-Jul-8-2021.md	361	2	onlinelibrary.wiley.com/doi/abs/10.1111/j.1749-6632.1973.tb41445.x  [Geroch(relativity) 1975] R. Geroch *Gener
curvature-scalar	01	lectures on Curvature 2025/Scalar-Jul-8-2021/lectures on Curvature 2025/Scalar-Jul-8-2021.md	362	4	*conjecture, the group of volume preserving diffeomorphisms and Hilbert-Hadamard spaces* arXiv:1811.02086v3 [m
curvature-scalar	01	lectures on Curvature 2025/Scalar-Jul-8-2021/lectures on Curvature 2025/Scalar-Jul-8-2021.md	363	3	[Kasparov(elliptic) 1975] G. Kasparov, *Topological invariants of elliptic s*, I:K-homology, Izv. Akad. Nauk S
curvature-scalar	01	lectures on Curvature 2025/Scalar-Jul-8-2021/lectures on Curvature 2025/Scalar-Jul-8-2021.md	365	2	[Marques-Neves(min-max spheres in 3d) 2011] F. Marques, A. Neves *Rigidity of min-max minimal spheres in three
curvature-scalar	01	lectures on Curvature 2025/Scalar-Jul-8-2021/lectures on Curvature 2025/Scalar-Jul-8-2021.md	366	3	*Laplacian of spin manifolds.* Math. Ann. 281, 163-168 (1988).  [Pa-Ke-Pe(graphical tori) 2020] A. Pacheco, C.
curvature-scalar	01	lectures on Curvature 2025/Scalar-Jul-8-2021/lectures on Curvature 2025/Scalar-Jul-8-2021.md	368	4	[Su(foliations) 2018] G.Su, *Lower bounds of Lipschitz constants on foliations*. arXiv:1801.06967 [math.DG] <s 
isoperimetry	01	5  great theorems. lectures 2024 /Fall 2024 09.26/Isoperimery 2023/5  great theorems. lectures 2024 /Fall 2024 09.26/Isoperimery 2023.md	29	2	one can define  $\lambda_2$ , as  $$\lambda_2(X) = \frac{1}{2vol(X)} \inf_f \frac{\int_{X \times X} |f(x_1 - f
isoperimetry	01	5  great theorems. lectures 2024 /Fall 2024 09.26/Isoperimery 2023/5  great theorems. lectures 2024 /Fall 2024 09.26/Isoperimery 2023.md	54	2	$$ent(\mu^N - [\varepsilon]) = \liminf_{N \rightarrow \infty} \frac{1}{N} \log |\mu^N|_\varepsilon$$  and  $$e
isoperimetry	01	5  great theorems. lectures 2024 /Fall 2024 09.26/Isoperimery 2023/5  great theorems. lectures 2024 /Fall 2024 09.26/Isoperimery 2023.md	76	2	[Cabre2015]\* Xavier Cabre. Isoperimetric, Sobolev, and eigenvalue inequalities via the Alexandroff-Bakelman-P
isoperimetry	01	5  great theorems. lectures 2024 /Fall 2024 09.26/Isoperimery 2023/5  great theorems. lectures 2024 /Fall 2024 09.26/Isoperimery 2023.md	77	2	<https://arxiv.org/pdf/1712.02526.pdf>  [Miranda 2017]\* N. P. Miranda Optimal Mass Transport and Functional I
isoperimetry	02	isoperimetry  dec 2023/2024 lectures 1-4 life and cognition/isoperimetry  dec 2023/2024 lectures 1-4 life and cognition.md	3	2	| 1.3.2 | Multiplicity of Molecules in chemistry and Coherent Granularity in Biology and of Programmed Macromo
isoperimetry	02	isoperimetry  dec 2023/2024 lectures 1-4 life and cognition/isoperimetry  dec 2023/2024 lectures 1-4 life and cognition.md	5	3	**Higher Level Information Structres and Processes : Embryogenesis, Muscles-Brain Signalling, Minds and Langua
isoperimetry	02	isoperimetry  dec 2023/2024 lectures 1-4 life and cognition/isoperimetry  dec 2023/2024 lectures 1-4 life and cognition.md	6	2	![](_page_5_Picture_22.jpeg)  Schematic DNA  **DNA.** 1-Dimensional Keeper of Digitally Stored Information.
isoperimetry	02	isoperimetry  dec 2023/2024 lectures 1-4 life and cognition/isoperimetry  dec 2023/2024 lectures 1-4 life and cognition.md	9	2	Life is accompanied by death, but bacteria and certain line cells, e.g. immortalised tumor cells, are virtuall
isoperimetry	02	isoperimetry  dec 2023/2024 lectures 1-4 life and cognition/isoperimetry  dec 2023/2024 lectures 1-4 life and cognition.md	10	2	the number of bacteria on Earth is estimated at  $10^{30}$  and where majority appear in more than  $10^{20}$ 
isoperimetry	02	isoperimetry  dec 2023/2024 lectures 1-4 life and cognition/isoperimetry  dec 2023/2024 lectures 1-4 life and cognition.md	16	4	1. 8. Parasitism 2. 9. Superorganism 3. 10. Symbiosis  What are the major evolutionary innovations? Evolutiona
isoperimetry	02	isoperimetry  dec 2023/2024 lectures 1-4 life and cognition/isoperimetry  dec 2023/2024 lectures 1-4 life and cognition.md	18	3	Imagine, for instance. you find a functional Watt-style engine on the icy surface of Enceladus – a small moon 
isoperimetry	02	isoperimetry  dec 2023/2024 lectures 1-4 life and cognition/isoperimetry  dec 2023/2024 lectures 1-4 life and cognition.md	20	2	universe Neither there is a precise universally applicable concept of equivalence between partial definitions,
isoperimetry	02	isoperimetry  dec 2023/2024 lectures 1-4 life and cognition/isoperimetry  dec 2023/2024 lectures 1-4 life and cognition.md	21	3	Scientific mathematics (Condorcet, Malthus, Darwin, Poincaré, Turing, Thom. Vision of the "real world as descr
isoperimetry	03	isoperimetry  dec 2023/Convex+Kahler/Convex Sets - Kahler Manifolds/isoperimetry  dec 2023/Convex+Kahler/Convex Sets - Kahler Manifolds.md	4	2	Thus  $(*) \Rightarrow (+)$  for toral varieties  $V$ . On the other hand one knows (see 2.4. and 3.3) that fo
isoperimetry	03	isoperimetry  dec 2023/Convex+Kahler/Convex Sets - Kahler Manifolds/isoperimetry  dec 2023/Convex+Kahler/Convex Sets - Kahler Manifolds.md	9	2	1.5. *Kähler formulation of (\*\*).* Let us identify  $\mathbb{R}^{2n}$  with  $\mathbb{C}^n$  in the usual wa
isoperimetry	03	isoperimetry  dec 2023/Convex+Kahler/Convex Sets - Kahler Manifolds/isoperimetry  dec 2023/Convex+Kahler/Convex Sets - Kahler Manifolds.md	11	2	1.6. *Mixed volumes.* Let us use notation  $y^I$  for the monomial  $y_1^{i_1} \dots y_k^{i_k}$ , where  $y = 
isoperimetry	03	isoperimetry  dec 2023/Convex+Kahler/Convex Sets - Kahler Manifolds/isoperimetry  dec 2023/Convex+Kahler/Convex Sets - Kahler Manifolds.md	12	3	usual way into the sum of mixed volumes. For example,  $$\text{Vol}(Y_1+Y_2) = [(Y_1+Y_2)^n] = \sum_{i=0}^n b_
isoperimetry	03	isoperimetry  dec 2023/Convex+Kahler/Convex Sets - Kahler Manifolds/isoperimetry  dec 2023/Convex+Kahler/Convex Sets - Kahler Manifolds.md	16	2	Thus the lemma for  $\Omega = \Omega' \wedge \omega'$  follows from the inductive assumption applied to the fo
isoperimetry	03	isoperimetry  dec 2023/Convex+Kahler/Convex Sets - Kahler Manifolds/isoperimetry  dec 2023/Convex+Kahler/Convex Sets - Kahler Manifolds.md	18	4	**2.1.B. Corollary.** Let  $\omega_1, \dots, \omega_k$  be positive  $(1,1)$ -forms on  $\mathbb{C}^n$  and  $
isoperimetry	03	isoperimetry  dec 2023/Convex+Kahler/Convex Sets - Kahler Manifolds/isoperimetry  dec 2023/Convex+Kahler/Convex Sets - Kahler Manifolds.md	29	2	(i) *Monotonicity of on the orbits* (compare §1). Let  $l \in L \setminus \{0\}$  and let  $l_t(v) \in V$  for
isoperimetry	03	isoperimetry  dec 2023/Convex+Kahler/Convex Sets - Kahler Manifolds/isoperimetry  dec 2023/Convex+Kahler/Convex Sets - Kahler Manifolds.md	31	3	curve to touch the boundary of  $V$  from inside.  3.2.C<sub>3</sub> *Remark.* The Lemma remains valid for map
isoperimetry	03	isoperimetry  dec 2023/Convex+Kahler/Convex Sets - Kahler Manifolds/isoperimetry  dec 2023/Convex+Kahler/Convex Sets - Kahler Manifolds.md	33	2	origin. Call a subset  $V \subset P^N$  *algebraic* if the corresponding cone  $CV \subset \mathbb{C}^{N+1}$  
isoperimetry	04	isoperimetry  dec 2023/Isoperimery-Dec-14-2023/isoperimetry  dec 2023/Isoperimery-Dec-14-2023.md	19	2	$V_\circ$  are invariant under the orthogonal group  $O(n-1)$  of rotation around the  $\mathbf{0} \times \mat
isoperimetry	04	isoperimetry  dec 2023/Isoperimery-Dec-14-2023/isoperimetry  dec 2023/Isoperimery-Dec-14-2023.md	28	2	*Examples.* (a) The segment  $[a, b]$  has  $\lambda_1 = 0$ ,  $$\lambda_2[a, b] = \frac{\pi^2}{(b-a)^2},$$  s
isoperimetry	04	isoperimetry  dec 2023/Isoperimery-Dec-14-2023/isoperimetry  dec 2023/Isoperimery-Dec-14-2023.md	29	2	one can define  $\lambda_2$ , as  $$\lambda_2(X) = \frac{1}{2vol(X)} \inf_f \frac{\int_{X \times X} |f(x_1 - f
isoperimetry	04	isoperimetry  dec 2023/Isoperimery-Dec-14-2023/isoperimetry  dec 2023/Isoperimery-Dec-14-2023.md	33	2	Since the minimum of the ratio  $$\min_f \frac{\int_X df^2}{\int f^2}$$  on functions in  $X$  normal to the c
isoperimetry	04	isoperimetry  dec 2023/Isoperimery-Dec-14-2023/isoperimetry  dec 2023/Isoperimery-Dec-14-2023.md	44	2	and  $(n-2)$ -cycles  $Y' \subset B_z(\delta)$  bound  $(n-1)$ -chains  $X' \subset B_z(\delta)$  of volumes  
isoperimetry	04	isoperimetry  dec 2023/Isoperimery-Dec-14-2023/isoperimetry  dec 2023/Isoperimery-Dec-14-2023.md	49	4	Then, for each  $i = 1, 2, \dots, \dim(X) - 1$ , every  $i$ -cycle of volume  $c \cdot \alpha$  bounds an  $(i
isoperimetry	04	isoperimetry  dec 2023/Isoperimery-Dec-14-2023/isoperimetry  dec 2023/Isoperimery-Dec-14-2023.md	54	2	$$ent(\mu^N - [\varepsilon]) = \liminf_{N \rightarrow \infty} \frac{1}{N} \log |\mu^N|_\varepsilon$$  and  $$e
isoperimetry	04	isoperimetry  dec 2023/Isoperimery-Dec-14-2023/isoperimetry  dec 2023/Isoperimery-Dec-14-2023.md	59	5	$$ent(P_J) + ent(P_{J^\perp}) = ent(\mu)$$  if and only if  $\mu^{\otimes 2}$  is  $z(J)$ - (or,equivalently
isoperimetry	04	isoperimetry  dec 2023/Isoperimery-Dec-14-2023/isoperimetry  dec 2023/Isoperimery-Dec-14-2023.md	68	2	8.1 "Parallel" Mass Transport in Groups and Saloff-Coste bound on the Fölner-Vershik function  8.2 Kazhdan's
isoperimetry	04	isoperimetry  dec 2023/Isoperimery-Dec-14-2023/isoperimetry  dec 2023/Isoperimery-Dec-14-2023.md	74	2	(b) If  $h$  is the (flat) Euclidean metric on  $\mathbb{R}^{n-1}$  and  $\varphi = \exp t$ , then  $$Sc(g) =
isoperimetry	04	isoperimetry  dec 2023/Isoperimery-Dec-14-2023/isoperimetry  dec 2023/Isoperimery-Dec-14-2023.md	76	2	[Cabre2015]\* Xavier Cabre. Isoperimetric, Sobolev, and eigenvalue inequalities via the Alexandroff-Bakelman-P
isoperimetry	04	isoperimetry  dec 2023/Isoperimery-Dec-14-2023/isoperimetry  dec 2023/Isoperimery-Dec-14-2023.md	77	2	<https://arxiv.org/pdf/1712.02526.pdf>  [Miranda 2017]\* N. P. Miranda Optimal Mass Transport and Functional I
isoperimetry	05	probability 2022-23/NY2023/Isoperimery-Dec 6 2023/probability 2022-23/NY2023/Isoperimery-Dec 6 2023.md	19	2	$V_\circ$  are invariant under the orthogonal group  $O(n-1)$  of rotation around the  $\mathbf{0} \times \mat
isoperimetry	05	probability 2022-23/NY2023/Isoperimery-Dec 6 2023/probability 2022-23/NY2023/Isoperimery-Dec 6 2023.md	21	2	where it is immediate if  $f$  is the characteristic function  $\chi = \chi_A$  of a smooth domain  $A \subset
isoperimetry	05	probability 2022-23/NY2023/Isoperimery-Dec 6 2023/probability 2022-23/NY2023/Isoperimery-Dec 6 2023.md	27	2	where  $S_x^{n-1} \subset T_x(X)$  is the tangent unit sphere of  $X$  at  $x$ ,  (b) Express the integrals  $
isoperimetry	05	probability 2022-23/NY2023/Isoperimery-Dec 6 2023/probability 2022-23/NY2023/Isoperimery-Dec 6 2023.md	28	2	(b) **??? Spectra of Riemannian Products** One knows that the eigenvalues of  $-\Delta_{X \times Y}$  are the 
isoperimetry	05	probability 2022-23/NY2023/Isoperimery-Dec 6 2023/probability 2022-23/NY2023/Isoperimery-Dec 6 2023.md	43	2	*Remark.* The condition  $\bullet_d$  with some  $d > 0$  is satisfied by all compact manifolds  $Z$  and also
isoperimetry	05	probability 2022-23/NY2023/Isoperimery-Dec 6 2023/probability 2022-23/NY2023/Isoperimery-Dec 6 2023.md	45	2	*Remark.* The local-to-global principle is ubiquitous in the geometric measure theory, albeit it is rarely sta
isoperimetry	05	probability 2022-23/NY2023/Isoperimery-Dec 6 2023/probability 2022-23/NY2023/Isoperimery-Dec 6 2023.md	48	4	(c) If  $X = X^\infty$  is an infinite dimensional Riemannian manifold that densely and isometrically contains
isoperimetry	05	probability 2022-23/NY2023/Isoperimery-Dec 6 2023/probability 2022-23/NY2023/Isoperimery-Dec 6 2023.md	52	2	let  $\nu$  be a measure on the linear space  $X$ , and let  $Y$  be the linear dual to  $X$ . Then the functi
isoperimetry	05	probability 2022-23/NY2023/Isoperimery-Dec 6 2023/probability 2022-23/NY2023/Isoperimery-Dec 6 2023.md	58	4	$$(\Delta) \quad |J_1 \cdot J_2|_{ent}(\mu) \leq \Delta_\mu(|J_1|_{ent}(\mu), |J_2|_{ent}(\mu)),$$  where  $\D
isoperimetry	05	probability 2022-23/NY2023/Isoperimery-Dec 6 2023/probability 2022-23/NY2023/Isoperimery-Dec 6 2023.md	59	2	Let  $K$  be a finite or countable set, let  $X_k$ ,  $k \in K$ , be measure spaces, e.g.  $X_k = \mathbb{R}$ 
isoperimetry	05	probability 2022-23/NY2023/Isoperimery-Dec 6 2023/probability 2022-23/NY2023/Isoperimery-Dec 6 2023.md	67	2	**8.1 "Parallel" Mass Transport in Groups and Saloff-Coste bound on the Fölner-Vershik function**  **8.2 Kazhd
isoperimetry	05	probability 2022-23/NY2023/Isoperimery-Dec 6 2023/probability 2022-23/NY2023/Isoperimery-Dec 6 2023.md	73	2	(b) If  $h$  is the (flat) Euclidean metric on  $\mathbb{R}^{n-1}$  and  $\varphi = \exp t$ , then  $$Sc(g) = 
probability-nash-entropy	01	5  great theorems. lectures 2024 /Classical and Quantum Entropy/5  great theorems. lectures 2024 /Classical and Quantum Entropy.md	4	6	"attachment" of  $Q$  to  $P$ , an abstract " $>$ " is meaningless, it must be implemented by a particular ope
probability-nash-entropy	01	5  great theorems. lectures 2024 /Classical and Quantum Entropy/5  great theorems. lectures 2024 /Classical and Quantum Entropy.md	7	3	with "nearly equal" atoms on  $subsets S_N \subset set(P)^N$ , that have cardinalities  $|S_N| \leq |set(P)|^N
probability-nash-entropy	01	5  great theorems. lectures 2024 /Classical and Quantum Entropy/5  great theorems. lectures 2024 /Classical and Quantum Entropy.md	8	5	This, applied to a  $(\varepsilon_N$ -homogeneous) Bernoulli approximation of a minimal/injective fan  $P_0 \r
probability-nash-entropy	01	5  great theorems. lectures 2024 /Classical and Quantum Entropy/5  great theorems. lectures 2024 /Classical and Quantum Entropy.md	9	5	of  $ent(f)$  by the convex combination of the entropies of the  $q$ -fibers  $P_q = f^{-1}(q) \subset P$ ,  $
probability-nash-entropy	01	5  great theorems. lectures 2024 /Classical and Quantum Entropy/5  great theorems. lectures 2024 /Classical and Quantum Entropy.md	12	6	It is unknown, in general, when there is such a continuous surjective (injective, bijective)  $\Gamma$ -equiva
probability-nash-entropy	01	5  great theorems. lectures 2024 /Classical and Quantum Entropy/5  great theorems. lectures 2024 /Classical and Quantum Entropy.md	16	2	Equivalently, "spectral entropy" can be defined as the (obviously unique) *unitary invariant extension* of Bol
probability-nash-entropy	01	5  great theorems. lectures 2024 /Classical and Quantum Entropy/5  great theorems. lectures 2024 /Classical and Quantum Entropy.md	17	5	*Unitary Symmetrization and Reduction.* Let  $d\mu$  be a Borel probability measure on the group  $U(S)$  of t
probability-nash-entropy	01	5  great theorems. lectures 2024 /Classical and Quantum Entropy/5  great theorems. lectures 2024 /Classical and Quantum Entropy.md	18	2	On the other hand, the Shannon inequality remains valid in the quantum case, where it is usually formulated as
probability-nash-entropy	01	5  great theorems. lectures 2024 /Classical and Quantum Entropy/5  great theorems. lectures 2024 /Classical and Quantum Entropy.md	20	2	Also observe that if  $P_1$  and  $P_2$  are sub-homogeneous states such that  $0^\perp(P_1) \subset 0^\perp(P
probability-nash-entropy	01	5  great theorems. lectures 2024 /Classical and Quantum Entropy/5  great theorems. lectures 2024 /Classical and Quantum Entropy.md	22	2	and let us call a vector  $s \in S_*$  *Bernoulli* for a density state  $A_*$  on  $S_*$ , if  $\log|A(s)|_* \
probability-nash-entropy	01	5  great theorems. lectures 2024 /Classical and Quantum Entropy/5  great theorems. lectures 2024 /Classical and Quantum Entropy.md	23	2	conclusion are invariant under equivalence  $A \sim A'$ . we may assume that  $U = 0^\perp(A)$  itself is cont
probability-nash-entropy	01	5  great theorems. lectures 2024 /Classical and Quantum Entropy/5  great theorems. lectures 2024 /Classical and Quantum Entropy.md	24	3	there is no problem with passing to limits since, obviously,  $\Psi$  are *concave* functions. However, most o
probability-nash-entropy	02	5  great theorems. lectures 2024 /entropy1/5  great theorems. lectures 2024 /entropy1.md	8	3	Given a (complex or real) Euclidian space  $S$ , where we are not tied up to a particular orthogonal basis for
probability-nash-entropy	02	5  great theorems. lectures 2024 /entropy1/5  great theorems. lectures 2024 /entropy1.md	10	4	To arrive at the actual entropy, we evaluate  $ent_\varepsilon$  on the tensorial powers  $P^{\otimes N}$  on 
probability-nash-entropy	02	5  great theorems. lectures 2024 /entropy1/5  great theorems. lectures 2024 /entropy1.md	11	2	of interest also for  $\Gamma$ -dynamical spaces/systems, for instance, such as  $P^\Gamma$  in the classical 
probability-nash-entropy	02	5  great theorems. lectures 2024 /entropy1/5  great theorems. lectures 2024 /entropy1.md	12	3	Let compact groups  $G_1$  and  $G_2$  unitarily act on  $S$  such that the two actions commute and the action
probability-nash-entropy	02	5  great theorems. lectures 2024 /entropy1/5  great theorems. lectures 2024 /entropy1.md	16	2	This relation is invariant under equivalence  $A \sim A'$ , but *not* for  $B \sim B'$ . Neither is this relat
probability-nash-entropy	02	5  great theorems. lectures 2024 /entropy1/5  great theorems. lectures 2024 /entropy1.md	17	4	Since both states  $B$  and  $D$  are averages of  $A$  in the commuting case,  $A < B$  and  $A < D$ ; thus t
probability-nash-entropy	02	5  great theorems. lectures 2024 /entropy1/5  great theorems. lectures 2024 /entropy1.md	18	4	*Discussion.* Strong subadditivity was conjectured by Lanford and Robinson in 1968 and proved five years later
probability-nash-entropy	08	probability 2022-23/NY2023/NASH--2023-OCT 1/probability 2022-23/NY2023/NASH--2023-OCT 1.md	1	3	# UNEDITED  Misha Gromov  October 2, 2023  ## Contents  | <b>1      <math>C^1</math>-Isometric Immersion Theor
probability-nash-entropy	08	probability 2022-23/NY2023/NASH--2023-OCT 1/probability 2022-23/NY2023/NASH--2023-OCT 1.md	3	6	1909: Softness of solutions of certain diophantine, rather than differential, equations shows up in Hilbert's 
probability-nash-entropy	08	probability 2022-23/NY2023/NASH--2023-OCT 1/probability 2022-23/NY2023/NASH--2023-OCT 1.md	9	4	In general, for subsets  $A$  in a smooth  $M$ -dimensional manifold  $Z$ , this is defined as the supremum of
probability-nash-entropy	08	probability 2022-23/NY2023/NASH--2023-OCT 1/probability 2022-23/NY2023/NASH--2023-OCT 1.md	24	2	**Negative Direction.** For every  $\alpha < 1/3$ , there exist (periodic) weak  $C^\alpha$ -solutions, such t
probability-nash-entropy	08	probability 2022-23/NY2023/NASH--2023-OCT 1/probability 2022-23/NY2023/NASH--2023-OCT 1.md	26	2	**C<sup>1</sup>-Example.**  Also a version of this is present in constructions of isometric C<sup>∞</sup>-imme
probability-nash-entropy	08	probability 2022-23/NY2023/NASH--2023-OCT 1/probability 2022-23/NY2023/NASH--2023-OCT 1.md	27	2	a transversal intersection of (co)-oriented hypersurfaces and transversal intersections of the above  $\partia
probability-nash-entropy	08	probability 2022-23/NY2023/NASH--2023-OCT 1/probability 2022-23/NY2023/NASH--2023-OCT 1.md	28	3	the Hilbert's (spherical design) case of this theorem applies to the h-principle for isometric immersions with
probability-nash-entropy	08	probability 2022-23/NY2023/NASH--2023-OCT 1/probability 2022-23/NY2023/NASH--2023-OCT 1.md	32	3	For instance, all complex algebraic submanifolds in  $\mathbb{C}^N$  are Stein.  A complex  $n$ -manifold  $Y$
probability-nash-entropy	08	probability 2022-23/NY2023/NASH--2023-OCT 1/probability 2022-23/NY2023/NASH--2023-OCT 1.md	33	2	Then holomorphic maps from Stein manifolds  $X$  to  $Y$  the ranks of which is every where bounded from below
probability-nash-entropy	08	probability 2022-23/NY2023/NASH--2023-OCT 1/probability 2022-23/NY2023/NASH--2023-OCT 1.md	34	4	Frank Kutzschebauch, Finnur Larusson, Gerald W. Schwarz Gromov's Oka principle for equivariant maps, arXiv[191
probability-nash-entropy	08	probability 2022-23/NY2023/NASH--2023-OCT 1/probability 2022-23/NY2023/NASH--2023-OCT 1.md	37	2	![](_page_36_Picture_25.jpeg)  Figure 3: Milnor's Discs  ![](_page_36_Picture_27.jpeg)  Figure 4: Overtwisted 
probability-nash-entropy	08	probability 2022-23/NY2023/NASH--2023-OCT 1/probability 2022-23/NY2023/NASH--2023-OCT 1.md	38	2	Annals of Mathematics , Nov., 1994, Second Series, Vol. 140, No. 3 (Nov., 1994), pp. 655-683  *Question.* For
probability-nash-entropy	08	probability 2022-23/NY2023/NASH--2023-OCT 1/probability 2022-23/NY2023/NASH--2023-OCT 1.md	39	3	$$= \partial_t(v) + \text{"div"} u + \text{grad}_X(p), \text{div} v.$$  Here the approximation of (suitably de
probability-nash-entropy	08	probability 2022-23/NY2023/NASH--2023-OCT 1/probability 2022-23/NY2023/NASH--2023-OCT 1.md	40	2	$$\begin{aligned}\nabla_v(v)_i &= \sum_j v_j \partial_j v_i = \\ &= \sum_j \partial_j (v_i v_j) - v_i \sum_j \
probability-nash-entropy	08	probability 2022-23/NY2023/NASH--2023-OCT 1/probability 2022-23/NY2023/NASH--2023-OCT 1.md	43	2	$$\partial_t(\bar{v}) + \operatorname{div}(\bar{v} \otimes \bar{v}) + \operatorname{grad}(p) = \operatorname{d
probability-nash-entropy	08	probability 2022-23/NY2023/NASH--2023-OCT 1/probability 2022-23/NY2023/NASH--2023-OCT 1.md	45	2	if  $\alpha < \frac{1}{2+n(n+1)}$ , then short immersions  $X^n \rightarrow Y^N$ ,  $N > n$  can be approximat
probability-nash-entropy	08	probability 2022-23/NY2023/NASH--2023-OCT 1/probability 2022-23/NY2023/NASH--2023-OCT 1.md	46	2	at all points  $x \in X$ , are  $\mathcal{II}$  by the Janet-Burstin-Nash Lemma.  Consequently,  $$\text{gener
probability-nash-entropy	09	probability 2022-23/NY2023/nash-Dec-2015/probability 2022-23/NY2023/nash-Dec-2015.md	1	2	# Geometric, Algebraic and Analytic Descendants of Nash Isometric Embedding Theorems.  Misha Gromov  November
probability-nash-entropy	09	probability 2022-23/NY2023/nash-Dec-2015/probability 2022-23/NY2023/nash-Dec-2015.md	6	2	normal bundle of  $X \subset \mathbb{R}^q$  has  $s_n(q-n)$  components.  Since the Gauss formula is invariant
probability-nash-entropy	09	probability 2022-23/NY2023/nash-Dec-2015/probability 2022-23/NY2023/nash-Dec-2015.md	10	3	as is explained below. (It is  $\approx \frac{2s_{n,2}}{n}$  for  $p = 2$  due to the symmetries of quadratic 
probability-nash-entropy	09	probability 2022-23/NY2023/nash-Dec-2015/probability 2022-23/NY2023/nash-Dec-2015.md	12	3	## 2.2 Infinite Dimensional Representations of $Diff$ , Invariant Covex Cones and Permutations of Primes.  Rie
probability-nash-entropy	09	probability 2022-23/NY2023/nash-Dec-2015/probability 2022-23/NY2023/nash-Dec-2015.md	14	5	18 What is the maximal natural class  $\mathcal{G}_{funct}$  of (differential?) geometric structures with simi
probability-nash-entropy	09	probability 2022-23/NY2023/nash-Dec-2015/probability 2022-23/NY2023/nash-Dec-2015.md	19	2	induces a Riemannian metric on  $X$ , call it  $W(k)$ . What of interest may be said about this map  $k \mapst
probability-nash-entropy	09	probability 2022-23/NY2023/nash-Dec-2015/probability 2022-23/NY2023/nash-Dec-2015.md	34	4	and where no alternative approach is available is in showing that  all parallelizable  $n$ -manifolds (e.g. al
probability-nash-entropy	09	probability 2022-23/NY2023/nash-Dec-2015/probability 2022-23/NY2023/nash-Dec-2015.md	35	2	For instance, let  $\tilde{g}$  be a *diagonal* form of degree  $p$  on a smooth  $q$ -dimensional manifold  $
probability-nash-entropy	09	probability 2022-23/NY2023/nash-Dec-2015/probability 2022-23/NY2023/nash-Dec-2015.md	36	2	*Example.* Let  $Y = (Y, \omega)$  be a symplectic manifold and let  $\mathcal{F}$  be the sheaf of  $\omega$ 
probability-nash-entropy	09	probability 2022-23/NY2023/nash-Dec-2015/probability 2022-23/NY2023/nash-Dec-2015.md	41	3	*Corollary.* Generic underdetermined systems of linear differential equations  $L(f) = g$  are *algebraically 
probability-nash-entropy	09	probability 2022-23/NY2023/nash-Dec-2015/probability 2022-23/NY2023/nash-Dec-2015.md	43	4	But, contrary to what I stated in [35], it seems unlikely that the form  $y(dz)^p$  with  $p > 2$  decomposes 
probability-nash-entropy	09	probability 2022-23/NY2023/nash-Dec-2015/probability 2022-23/NY2023/nash-Dec-2015.md	48	2	If  $r > 2$ , then by Nash theorem  $f_0$  can be perturbed to  $f$  that induces  $g_0 + g'_\delta$  on  $B^n
probability-nash-entropy	09	probability 2022-23/NY2023/nash-Dec-2015/probability 2022-23/NY2023/nash-Dec-2015.md	49	2	Indeed, since  $$\langle f_0, f_0 \rangle = \text{const}(= \varepsilon) \Rightarrow \langle df_0, f_0 \rangle
probability-nash-entropy	09	probability 2022-23/NY2023/nash-Dec-2015/probability 2022-23/NY2023/nash-Dec-2015.md	51	3	$p - 2$  additional *differential* equations.  For instance, if  $p = 3$ , the extra equation can be written a
probability-nash-entropy	09	probability 2022-23/NY2023/nash-Dec-2015/probability 2022-23/NY2023/nash-Dec-2015.md	59	5	But it seems harder to do this for  $\text{codim}(X_0) = 1$  without an additional lower bound on  $q$ , or of
probability-nash-entropy	09	probability 2022-23/NY2023/nash-Dec-2015/probability 2022-23/NY2023/nash-Dec-2015.md	61	6	For instance an analyst would ask what is the *topology* of the subspace  $M_{g \rightarrow h}$  of structure 
probability-nash-entropy	09	probability 2022-23/NY2023/nash-Dec-2015/probability 2022-23/NY2023/nash-Dec-2015.md	63	2	canonically,<sup>52</sup> by polynomial maps  $T_x(X) \rightarrow T_y(Y)$  of degree  $r$  for  $r < \infty$  
probability-nash-entropy	09	probability 2022-23/NY2023/nash-Dec-2015/probability 2022-23/NY2023/nash-Dec-2015.md	65	2	But singularities are absent from the spaces of jets of *free* isometric maps, that allows a satisfactory answ
probability-nash-entropy	09	probability 2022-23/NY2023/nash-Dec-2015/probability 2022-23/NY2023/nash-Dec-2015.md	66	2	(c) Pretty higher order structures are *Riemannian metrics of order  $l > 1$* . These are families  $g$  of Eu
probability-nash-entropy	09	probability 2022-23/NY2023/nash-Dec-2015/probability 2022-23/NY2023/nash-Dec-2015.md	67	4	Given a quadratic form  $G$  on  $T^{[l]}(X)(X)$ , define an associated to it "fully symmetric" quadratic form
probability-nash-entropy	09	probability 2022-23/NY2023/nash-Dec-2015/probability 2022-23/NY2023/nash-Dec-2015.md	71	3	It is harder to say what *elementary embeddings* are. One can not limit oneself – at least not in the Riemanni
probability-nash-entropy	09	probability 2022-23/NY2023/nash-Dec-2015/probability 2022-23/NY2023/nash-Dec-2015.md	73	3	The manifolds  $Y_i$  converge to  $\mathbb{R}^q$  and the geometries of the  $\lambda_i$ -rescaled  $\lambda^
probability-nash-entropy	09	probability 2022-23/NY2023/nash-Dec-2015/probability 2022-23/NY2023/nash-Dec-2015.md	74	3	- [13] Chern, Shiing-shen Kuiper, Nicolaas H. Some theorems on the isometric imbedding of compact Riemann mani
probability-nash-entropy	11	probability 2022-23/entropy Nov 2022/probability 2022-23/entropy Nov 2022.md	1	2	# Probability/Topology – Synopsis of lecture 4  Misha Gromov,  November 15, 2022  Given a set (space)  $X$  an
probability-nash-entropy	11	probability 2022-23/entropy Nov 2022/probability 2022-23/entropy Nov 2022.md	4	2	Thus,  $card(Y_i) \leq \dim(\mathcal{Y}_i)$  and the proof follows, since  $$\dim(\mathcal{Y}) = card(Y) \leq
probability-nash-entropy	11	probability 2022-23/entropy Nov 2022/probability 2022-23/entropy Nov 2022.md	8	4	Strict convexity and smoothness of the Boltzmann's function  $e(p) = \sum_{i \in I} p_i \log p_i$  implies pos
probability-nash-entropy	11	probability 2022-23/entropy Nov 2022/probability 2022-23/entropy Nov 2022.md	9	2	Observe that  $$P(T_1 \oplus T_2) = P(T_1) + P(T_2) \text{ for orthogonal subspaces } T_1 \text{ and } T_2 \te
probability-nash-entropy	11	probability 2022-23/entropy Nov 2022/probability 2022-23/entropy Nov 2022.md	11	5	The  $\mu$ -average of  $P$  of a state  $P$  on  $S$ , that is called the  $G$ -average for  $d\mu = dg$  is 
probability-nash-entropy	11	probability 2022-23/entropy Nov 2022/probability 2022-23/entropy Nov 2022.md	12	2	*Subadditivity of von Neimann's Entropy* (Lanford-Robinson 1968). The entropies of the canonical reductions  $
probability-nash-entropy	11	probability 2022-23/entropy Nov 2022/probability 2022-23/entropy Nov 2022.md	13	2	Then  $$ent(P_3) + ent(P_{123}) \leq ent(P_{23}) + ent(P_{13}).$$  Notice, that the action of  $U(S_1) \times
probability-nash-entropy	11	probability 2022-23/entropy Nov 2022/probability 2022-23/entropy Nov 2022.md	16	2	follow from the classical case via Weyl variational principle. (We explain this below in "non-standard" terms.
probability-nash-entropy	11	probability 2022-23/entropy Nov 2022/probability 2022-23/entropy Nov 2022.md	17	3	*Proof of (\*\*).* Let  $P$  be a density state on a Hilbert space  $S$ , let  $G$  and  $H$  be unitary group
probability-nash-entropy	11	probability 2022-23/entropy Nov 2022/probability 2022-23/entropy Nov 2022.md	18	4	non-standards limits of arrays of these numbers fully describe the nonstandard geometry of finite sets of non-
probability-nash-entropy	11	probability 2022-23/entropy Nov 2022/probability 2022-23/entropy Nov 2022.md	19	3	Fenhcel inequality for mixed volumes of convex sets [10]. It is tempting to to find "quantum counterparts" to 
probability-nash-entropy	12	probability 2022-23/manifolds poincare-june25/probability 2022-23/manifolds poincare-june25.md	2	3	![](_page_1_Picture_14.jpeg)  | <b>10 Elliptic Wings and Parabolic Flows.</b> | <b>38</b> | |-----------------
probability-nash-entropy	12	probability 2022-23/manifolds poincare-june25/probability 2022-23/manifolds poincare-june25.md	11	2	## 4 Duality and the Signature.  Define *i-cycles*  $C$  in a smooth  $n$ -manifold  $X$ , which represent hom
probability-nash-entropy	12	probability 2022-23/manifolds poincare-june25/probability 2022-23/manifolds poincare-june25.md	12	4	This homomorphism *does not depend on the extension and approximation* and it is denoted  $f_{*i}$ .  Moreover
probability-nash-entropy	12	probability 2022-23/manifolds poincare-june25/probability 2022-23/manifolds poincare-june25.md	22	4	$Z = f^{-1}(s_0) \subset X$  is a  $4j$ -dimensional submanifold with *trivial* normal bundle; hence  $$L_j(Z)
probability-nash-entropy	12	probability 2022-23/manifolds poincare-june25/probability 2022-23/manifolds poincare-june25.md	23	3	## 6 Exotic Spheres.  In 1956, to everybody's amazement, Milnor found smooth manifolds  $\Sigma^7$  which were
probability-nash-entropy	12	probability 2022-23/manifolds poincare-june25/probability 2022-23/manifolds poincare-june25.md	25	3	## 7 Isotopies and Intersections.  Besides constructing, listing and classifying manifolds  $X$  one is concer
probability-nash-entropy	12	probability 2022-23/manifolds poincare-june25/probability 2022-23/manifolds poincare-june25.md	28	2	Let  $f_t : X \rightarrow Y$ ,  $t \in [0, 1]$ , be a smooth generic homotopy which disengages  $X'$  from  $X
probability-nash-entropy	12	probability 2022-23/manifolds poincare-june25/probability 2022-23/manifolds poincare-june25.md	29	4	**Haefliger Lemma** (Whitney for  $k + k' = n$ ). Let the dimensions  $n - k' = \dim(X')$  and  $n - k'' = \di
probability-nash-entropy	12	probability 2022-23/manifolds poincare-june25/probability 2022-23/manifolds poincare-june25.md	39	2	(e.g. operators – one arrow diagrams); one is tempted to forget manifolds and study such functors per se. For 
probability-nash-entropy	12	probability 2022-23/manifolds poincare-june25/probability 2022-23/manifolds poincare-june25.md	43	4	Conversely, let  $M \rightarrow N$  be a map of non-zero degree. When is the corresponding map  $f^\Gamma : M^
probability-nash-entropy	12	probability 2022-23/manifolds poincare-june25/probability 2022-23/manifolds poincare-june25.md	49	2	- [51] S. Smale, Generalized Poincarè's conjecture in dimensions greater than four. *Ann. of Math.* (2) 74 196
probability-nash-entropy	13	probability 2022-23/probability:topology apr2022/probability 2022-23/probability:topology apr2022.md	4	2	*Packings by Tubes motivated by  $X = Y \times Z \rightarrow Y$ .* Ituples of closed subsets  $Z_i \in X$ , su
probability-nash-entropy	13	probability 2022-23/probability:topology apr2022/probability 2022-23/probability:topology apr2022.md	9	2	variants " $Inv : (X, \vartheta)$  over all  $\vartheta \in \Theta$ .  Example 1.  $X = S^3$  and  $\vartheta$
probability-nash-entropy	15	search for a structre-entropy/search for a structre-entropy.md	1	9	# In a Search for a Structure, Part 1: On Entropy.  Misha Gromov  June 25, 2013  ## Contents  | <b>1 States, S
probability-nash-entropy	15	search for a structre-entropy/search for a structre-entropy.md	2	3	But now-a-days this "gibberish" (almost) automatically translates to the language of *non-standard analysis* (
probability-nash-entropy	15	search for a structre-entropy/search for a structre-entropy.md	3	5	You assign a number  $|p|$  to each window  $p$  in a  $P$  attached to  $\mathcal{S}$  that is the relative f
probability-nash-entropy	15	search for a structre-entropy/search for a structre-entropy.md	4	5	by a particular operation  $f$ . (If one keeps track of "protocol of attaching  $Q$  to  $P$ ", one arrives at
probability-nash-entropy	15	search for a structre-entropy/search for a structre-entropy.md	5	5	non-interacting "somethings" with  $P$  and  $Q$ .) The maps  $pq \mapsto p$  and  $pq \mapsto q$  are called 
probability-nash-entropy	15	search for a structre-entropy/search for a structre-entropy.md	6	5	**Bernoulli Entropy.** This is defined as  $$ent(P) = \lim_{N \rightarrow \infty} N^{-1} \log |set(H_N)|$$  fo
probability-nash-entropy	15	search for a structre-entropy/search for a structre-entropy.md	7	3	with "nearly equal" atoms on  $subsets S_N \subset set(P)^N$ , that have cardinalities  $|S_N| \leq |set(P)|^N
probability-nash-entropy	15	search for a structre-entropy/search for a structre-entropy.md	8	5	This, applied to a  $(\varepsilon_N$ -homogeneous) Bernoulli approximation of a minimal/injective fan  $P_0 \r
probability-nash-entropy	15	search for a structre-entropy/search for a structre-entropy.md	9	5	of  $ent(f)$  by the convex combination of the entropies of the  $q$ -fibers  $P_q = f^{-1}(q) \subset P$ ,  $
probability-nash-entropy	15	search for a structre-entropy/search for a structre-entropy.md	11	3	representable by a Cartesian power  $P^{\mathbb{Z}}$  with the obvious (Bernoulli) action of  $\mathbb{Z}$  on
probability-nash-entropy	15	search for a structre-entropy/search for a structre-entropy.md	12	6	It is unknown, in general, when there is such a continuous surjective (injective, bijective)  $\Gamma$ -equiva
probability-nash-entropy	15	search for a structre-entropy/search for a structre-entropy.md	13	8	from  $[B \text{ surjects onto } A] \Rightarrow |A| \leq |B|$ , but it is unknown if these inequalities are tr
probability-nash-entropy	15	search for a structre-entropy/search for a structre-entropy.md	14	4	## 2 Fisher Metric and Von Neumann Entropy.  Let us ponder over Boltzmann's function  $e(p) = \sum_i p_i \log
probability-nash-entropy	15	search for a structre-entropy/search for a structre-entropy.md	16	2	Equivalently, "spectral entropy" can be defined as the (obviously unique) *unitary invariant extension* of Bol
probability-nash-entropy	15	search for a structre-entropy/search for a structre-entropy.md	17	5	*Unitary Symmetrization and Reduction.* Let  $d\mu$  be a Borel probability measure on the group  $U(S)$  of t
probability-nash-entropy	15	search for a structre-entropy/search for a structre-entropy.md	18	2	On the other hand, the Shannon inequality remains valid in the quantum case, where it is usually formulated as
probability-nash-entropy	15	search for a structre-entropy/search for a structre-entropy.md	19	2	on  $S$ . If the actions of  $H$  and  $G$  commute, then the von Neumann entropies of the  $G$ - and  $H$ -av
probability-nash-entropy	15	search for a structre-entropy/search for a structre-entropy.md	20	2	Also observe that if  $P_1$  and  $P_2$  are sub-homogeneous states such that  $0^\perp(P_1) \subset 0^\perp(P
probability-nash-entropy	15	search for a structre-entropy/search for a structre-entropy.md	22	2	and let us call a vector  $s \in S_*$  *Bernoulli* for a density state  $A_*$  on  $S_*$ , if  $\log|A(s)|_* \
probability-nash-entropy	15	search for a structre-entropy/search for a structre-entropy.md	23	2	conclusion are invariant under equivalence  $A \sim A'$ . we may assume that  $U = 0^\perp(A)$  itself is cont
probability-nash-entropy	15	search for a structre-entropy/search for a structre-entropy.md	24	3	there is no problem with passing to limits since, obviously,  $\Psi$  are *concave* functions. However, most o
probability-nash-entropy	15	search for a structre-entropy/search for a structre-entropy.md	25	4	$trace(e^{y+\log x})$  as it is explained in [22] along with H. Epstein's elegant proof that  $e^{y+\log x}$  
probability-nash-entropy	15	search for a structre-entropy/search for a structre-entropy.md	26	7	Khovanski-Teissier theorem and in the Esnault-Viehweg proof of *the sharpened Dyson-Roth lemma*, but a direct  
probability-paris	01	probability 2022-23/CIMS Probablity&topology2/probability 2022-23/CIMS Probablity&topology2.md	7	2	- •  $C_{sing}$  is a closed subset of dimension  $\leq i - 2$ .  - •  $C_{reg}$  is an open and dense subset
probability-paris	01	probability 2022-23/CIMS Probablity&topology2/probability 2022-23/CIMS Probablity&topology2.md	21	2	If  $X$  is a *non-compact* manifold, one may drop "compact" in the definition of these cycles. The resulting 
probability-paris	02	probability 2022-23/CIMS lecture1Probablity&topology/probability 2022-23/CIMS lecture1Probablity&topology.md	3	2	Commentary to "Mrtasa njivani" written by Halayudha, in **10th century AD**:  *linguistic analysis* of a sente
probability-paris	03	probability 2022-23/CIMS lecture2+1:2 /probability 2022-23/CIMS lecture2+1:2 .md	13	2	in  $X$ .  $C_x \cup C_{sing}$  is a closed subset of dimension  $\leq i - 1$ . Locally, at every point,  $x
probability-paris	03	probability 2022-23/CIMS lecture2+1:2 /probability 2022-23/CIMS lecture2+1:2 .md	26	3	with  $(i+1)$ -plaques in  $X_{i+1}$ . In this case the group of  $i$ -cycles becomes a subspace of the group 
probability-paris	03	probability 2022-23/CIMS lecture2+1:2 /probability 2022-23/CIMS lecture2+1:2 .md	27	2	mology of an  $n$ -manifold  $X$ , denoted  $$[C_1] \cdot [C_2] = [C_1] \cap [C_2] = [C_1 \cap C_2] \in H_{n-(
probability-paris	03	probability 2022-23/CIMS lecture2+1:2 /probability 2022-23/CIMS lecture2+1:2 .md	28	2	this product is invariant under oriented (i.e. of degrees +1) homotopy equivalences between *closed equidimens
probability-paris	03	probability 2022-23/CIMS lecture2+1:2 /probability 2022-23/CIMS lecture2+1:2 .md	30	2	gebra on  $n$ -generators, i.e. the only relations between the multiplicative generators  $h_i \in H_{n-1}(\ma
probability-paris	04	probability 2022-23/Probablity&topology  Fall  2022/probability 2022-23/Probablity&topology  Fall  2022.md	3	2	Commentary to "Mrtasa njivani" written by Halayudha, in **10th century AD**:  *linguistic analysis* of a sente
probability-paris	05	probability 2022-23/alternative probabilities 2018 2/probability 2022-23/alternative probabilities 2018 2.md	21	2	![](_page_20_Diagram_4.jpeg)  modynamic dissipation and biological evolution – have in common is (unknown) mat
probability-paris	05	probability 2022-23/alternative probabilities 2018 2/probability 2022-23/alternative probabilities 2018 2.md	23	2	an outrageously small....  It is therefore almost inevitable that our own measure of intelligence must reflect
probability-paris	05	probability 2022-23/alternative probabilities 2018 2/probability 2022-23/alternative probabilities 2018 2.md	24	2	natural selection model of evolution was powerful enough to make the *stochastic gradient ascent* in the fitne
probability-paris	05	probability 2022-23/alternative probabilities 2018 2/probability 2022-23/alternative probabilities 2018 2.md	31	2	analysis in the spirit of Edward Nelson's book with a similar title.  Sérgio B. Volchan's historical survey  *
probability-paris	06	probability 2022-23/alternative probabilities 2018/probability 2022-23/alternative probabilities 2018.md	9	2	But there are volumes of known and *conjectural* properties of *random objects*, coming under the heading of *
probability-paris	06	probability 2022-23/alternative probabilities 2018/probability 2022-23/alternative probabilities 2018.md	21	2	![](_page_20_Diagram_4.jpeg)  modynamic dissipation and biological evolution – have in common is (unknown) mat
probability-paris	06	probability 2022-23/alternative probabilities 2018/probability 2022-23/alternative probabilities 2018.md	23	2	an outrageously small....  It is therefore almost inevitable that our own measure of intelligence must reflect
probability-paris	06	probability 2022-23/alternative probabilities 2018/probability 2022-23/alternative probabilities 2018.md	24	2	natural selection model of evolution was powerful enough to make the *stochastic gradient ascent* in the fitne
probability-paris	06	probability 2022-23/alternative probabilities 2018/probability 2022-23/alternative probabilities 2018.md	31	2	analysis in the spirit of Edward Nelson's book with a similar title.  Sérgio B. Volchan's historical survey  *
probability-paris	07	probability 2022-23/lectures IprobHES May 2022/probability 2022-23/lectures IprobHES May 2022.md	6	2	growth polymers (1941-46). Broadbent & Hammersley (1957),  Evolution Biology.  Natural Languges.  *....since m
probability-paris	07	probability 2022-23/lectures IprobHES May 2022/probability 2022-23/lectures IprobHES May 2022.md	12	2	01011000000110111 000001110011010001  in a signal that comes from the direction to Alpha Centauri?<sup>3</su
probability-paris	08	probability 2022-23/probability Lecture in Paris, Nov-2014/probability 2022-23/probability Lecture in Paris, Nov-2014.md	1	4	# Six Lectures on Probability, Symmetry, Linearity. October 2014, Jussieu. (Unedited)  Misha Gromov  January 2
probability-paris	08	probability 2022-23/probability Lecture in Paris, Nov-2014/probability 2022-23/probability Lecture in Paris, Nov-2014.md	2	3	(Non-exhaustive list of 10 items.)  - ◦ History of the idea of probability. - • Use and misuse of Metaphors of
probability-paris	08	probability 2022-23/probability Lecture in Paris, Nov-2014/probability 2022-23/probability Lecture in Paris, Nov-2014.md	3	2	□ Learning languages and learning mathematics.  Two related questions:  What is entropy?  What makes "informat
probability-paris	08	probability 2022-23/probability Lecture in Paris, Nov-2014/probability 2022-23/probability Lecture in Paris, Nov-2014.md	7	2	(*quasi*)*invariant* Haar(-like) measures, such as the infinite product measure in the space  $X$  of binary s
probability-paris	08	probability 2022-23/probability Lecture in Paris, Nov-2014/probability 2022-23/probability Lecture in Paris, Nov-2014.md	10	2	![](_page_9_Picture_5.jpeg)  *of Algebraic Geometry 1946)* is manifestly set theoretic one.  On the other hand
probability-paris	08	probability 2022-23/probability Lecture in Paris, Nov-2014/probability 2022-23/probability Lecture in Paris, Nov-2014.md	13	3	in the following articles posted on   <http://www.ihes.fr/gromov/> in sec- tion "Recent"  *Quotations and Id
probability-paris	08	probability 2022-23/probability Lecture in Paris, Nov-2014/probability 2022-23/probability Lecture in Paris, Nov-2014.md	35	2	*subsets*  $$B_N = \text{set}(H_N) \subset (\text{set}(P))^N$$  can be chosen (by no means uniquely) *Sym*<s
probability-paris	08	probability 2022-23/probability Lecture in Paris, Nov-2014/probability 2022-23/probability Lecture in Paris, Nov-2014.md	47	2	so extended *DIST* and for the corresponding (*non* translation invariant) metric induced on the group  $Gr(\m
probability-paris	08	probability 2022-23/probability Lecture in Paris, Nov-2014/probability 2022-23/probability Lecture in Paris, Nov-2014.md	88	2	via the second differential  $D^2(\delta)$  has the advantage of relying only on the *smooth structure* in the
probability-paris	08	probability 2022-23/probability Lecture in Paris, Nov-2014/probability 2022-23/probability Lecture in Paris, Nov-2014.md	98	2	Then, non-surprisingly,  $G$  is *entropy increasing*:  $$\text{ent}(G(R)) \geq \text{ent}(R),$$  where – this
probability-paris	08	probability 2022-23/probability Lecture in Paris, Nov-2014/probability 2022-23/probability Lecture in Paris, Nov-2014.md	120	2	Every pure state is vanishes on a hyperplane in  $S$ ; we say it is *supported* on the line normal to this hyp
probability-paris	08	probability 2022-23/probability Lecture in Paris, Nov-2014/probability 2022-23/probability Lecture in Paris, Nov-2014.md	147	2	![](_page_146_Picture_8.jpeg)  open subsets  $U \subset X$ . In the physicists' parlance, this entropy is *"
survey	02	Spaces and Questions/Spaces and Questions.md	2	4	## § I. Dawn of Space.  Our Euclidean intuition, probably, inherited from ancient primates, might have grown o
survey	02	Spaces and Questions/Spaces and Questions.md	3	3	![](_page_2_Picture_11.jpeg)  Figure 1  is identity on  $S^2$ ). More generally, no strictly convex surface is
survey	02	Spaces and Questions/Spaces and Questions.md	6	3	The linear analysis on *general* Riemannian manifolds pivots around the Atiyah-Singer-Dirac operator and the i
survey	02	Spaces and Questions/Spaces and Questions.md	24	5	If  $(V, J_0)$  is a Kähler (e.g. algebraic) manifold, then  $J_0$  is tamed by the (symplectic) Kähler form  
survey	02	Spaces and Questions/Spaces and Questions.md	28	3	which can be minorized by a Riemannian one.) Thus, for example, if a compact (possibly with a boundary)  $V$  
survey	02	Spaces and Questions/Spaces and Questions.md	29	2	between  $0 \times V_-$  and  $1 \times V_-$  equals the volume of  $V$  and hence  $> 0$ . Consequently all  
survey	02	Spaces and Questions/Spaces and Questions.md	30	7	$g = g_+ \oplus g_-$  is stable, and, moreover, one gets a good control over the stability domain  $\mathcal{U
survey	02	Spaces and Questions/Spaces and Questions.md	32	5	remains such under small perturbations of  $E_0$ ) as in the  $\mathbb{C}$ -case. Such  $E_0$  do not come che
survey	02	Spaces and Questions/Spaces and Questions.md	35	3	**Random presentation of groups.** Given a group  $F$ , e.g. the free group  $F_k$  with  $k$  generators, one
survey	02	Spaces and Questions/Spaces and Questions.md	37	3	## Bibliography  [A-B-C-K-T] J. Amorós, M. Burger, K. Corlette, D. Kotschick, D. Toledo, *Fundamental Groups o
survey	02	Spaces and Questions/Spaces and Questions.md	38	2	- [Gro<sub>HG</sub>] M. Gromov, *Hyperbolic groups*, in *Essays in Group Theory*, Mathematical Sciences Resear
